Tanggal,Produk,Kategori,Jumlah,Harga_Satuan,Total_Penjualan
2023-01-01,Lapis Legit,Kue Basah,2,55000,110000
2023-01-01,Cheese Cake,Cake,2,45000,90000
2023-01-01,Donut,Roti,10,12000,120000
2023-01-01,Croissant,Pastry,8,25000,200000
2023-01-01,Donut,Roti,4,12000,48000
2023-01-01,Macaron,Kue Kering,2,15000,30000
2023-01-01,Brownies,Kue Kering,8,75000,600000
2023-01-02,Lapis Legit,Kue Basah,7,55000,385000
2023-01-02,Bika Ambon,Kue Basah,1,40000,40000
2023-01-02,Lapis Legit,Kue Basah,6,55000,330000
2023-01-02,Cheese Cake,Cake,5,45000,225000
2023-01-03,Bika Ambon,Kue Basah,8,40000,320000
2023-01-03,Donut,Roti,4,12000,48000
2023-01-03,Croissant,Pastry,8,25000,200000
2023-01-04,Donut,Roti,10,12000,120000
2023-01-04,Brownies,Kue Kering,10,75000,750000
2023-01-05,Lapis Legit,Kue Basah,2,55000,110000
2023-01-05,Bika Ambon,Kue Basah,10,40000,400000
2023-01-05,Macaron,Kue Kering,2,15000,30000
2023-01-05,Cheese Cake,Cake,10,45000,450000
2023-01-05,Donut,Roti,3,12000,36000
2023-01-05,Bika Ambon,Kue Basah,6,40000,240000
2023-01-05,Bika Ambon,Kue Basah,10,40000,400000
2023-01-05,Cheese Cake,Cake,7,45000,315000
2023-01-05,Bika Ambon,Kue Basah,10,40000,400000
2023-01-06,Lapis Legit,Kue Basah,2,55000,110000
2023-01-06,Macaron,Kue Kering,2,15000,30000
2023-01-06,Donut,Roti,7,12000,84000
2023-01-06,Croissant,Pastry,8,25000,200000
2023-01-06,Macaron,Kue Kering,5,15000,75000
2023-01-06,Bika Ambon,Kue Basah,9,40000,360000
2023-01-06,Lapis Legit,Kue Basah,1,55000,55000
2023-01-06,Cheese Cake,Cake,2,45000,90000
2023-01-06,Cheese Cake,Cake,10,45000,450000
2023-01-07,Macaron,Kue Kering,2,15000,30000
2023-01-07,Bika Ambon,Kue Basah,5,40000,200000
2023-01-07,Cheese Cake,Cake,8,45000,360000
2023-01-07,Cheese Cake,Cake,10,45000,450000
2023-01-08,Lapis Legit,Kue Basah,6,55000,330000
2023-01-08,Donut,Roti,1,12000,12000
2023-01-08,Lapis Legit,Kue Basah,8,55000,440000
2023-01-08,Cheese Cake,Cake,4,45000,180000
2023-01-08,Cheese Cake,Cake,4,45000,180000
2023-01-08,Lapis Legit,Kue Basah,2,55000,110000
2023-01-08,Croissant,Pastry,8,25000,200000
2023-01-08,Croissant,Pastry,6,25000,150000
2023-01-08,Lapis Legit,Kue Basah,7,55000,385000
2023-01-09,Lapis Legit,Kue Basah,4,55000,220000
2023-01-09,Macaron,Kue Kering,3,15000,45000
2023-01-10,Donut,Roti,7,12000,84000
2023-01-10,Croissant,Pastry,6,25000,150000
2023-01-10,Croissant,Pastry,7,25000,175000
2023-01-11,Brownies,Kue Kering,5,75000,375000
2023-01-11,Bika Ambon,Kue Basah,2,40000,80000
2023-01-11,Macaron,Kue Kering,4,15000,60000
2023-01-11,Cheese Cake,Cake,8,45000,360000
2023-01-11,Bika Ambon,Kue Basah,6,40000,240000
2023-01-12,Donut,Roti,9,12000,108000
2023-01-12,Cheese Cake,Cake,9,45000,405000
2023-01-12,Croissant,Pastry,9,25000,225000
2023-01-12,Macaron,Kue Kering,5,15000,75000
2023-01-12,Bika Ambon,Kue Basah,4,40000,160000
2023-01-13,Bika Ambon,Kue Basah,4,40000,160000
2023-01-13,Bika Ambon,Kue Basah,3,40000,120000
2023-01-14,Donut,Roti,4,12000,48000
2023-01-14,Donut,Roti,5,12000,60000
2023-01-15,Macaron,Kue Kering,8,15000,120000
2023-01-15,Lapis Legit,Kue Basah,3,55000,165000
2023-01-15,Bika Ambon,Kue Basah,3,40000,120000
2023-01-15,Cheese Cake,Cake,9,45000,405000
2023-01-15,Macaron,Kue Kering,3,15000,45000
2023-01-16,Donut,Roti,7,12000,84000
2023-01-16,Brownies,Kue Kering,6,75000,450000
2023-01-16,Lapis Legit,Kue Basah,3,55000,165000
2023-01-16,Cheese Cake,Cake,4,45000,180000
2023-01-16,Donut,Roti,8,12000,96000
2023-01-16,Donut,Roti,4,12000,48000
2023-01-16,Bika Ambon,Kue Basah,2,40000,80000
2023-01-16,Lapis Legit,Kue Basah,9,55000,495000
2023-01-17,Macaron,Kue Kering,7,15000,105000
2023-01-17,Brownies,Kue Kering,10,75000,750000
2023-01-17,Brownies,Kue Kering,9,75000,675000
2023-01-17,Donut,Roti,7,12000,84000
2023-01-17,Donut,Roti,3,12000,36000
2023-01-17,Donut,Roti,1,12000,12000
2023-01-17,Macaron,Kue Kering,2,15000,30000
2023-01-17,Cheese Cake,Cake,3,45000,135000
2023-01-17,Lapis Legit,Kue Basah,1,55000,55000
2023-01-17,Croissant,Pastry,3,25000,75000
2023-01-17,Lapis Legit,Kue Basah,1,55000,55000
2023-01-18,Croissant,Pastry,3,25000,75000
2023-01-18,Lapis Legit,Kue Basah,3,55000,165000
2023-01-18,Bika Ambon,Kue Basah,4,40000,160000
2023-01-18,Bika Ambon,Kue Basah,4,40000,160000
2023-01-18,Cheese Cake,Cake,1,45000,45000
2023-01-18,Macaron,Kue Kering,5,15000,75000
2023-01-18,Cheese Cake,Cake,7,45000,315000
2023-01-18,Macaron,Kue Kering,7,15000,105000
2023-01-19,Macaron,Kue Kering,5,15000,75000
2023-01-19,Macaron,Kue Kering,4,15000,60000
2023-01-19,Lapis Legit,Kue Basah,8,55000,440000
2023-01-19,Donut,Roti,4,12000,48000
2023-01-19,Brownies,Kue Kering,4,75000,300000
2023-01-20,Bika Ambon,Kue Basah,5,40000,200000
2023-01-20,Macaron,Kue Kering,9,15000,135000
2023-01-20,Cheese Cake,Cake,8,45000,360000
2023-01-20,Croissant,Pastry,8,25000,200000
2023-01-20,Bika Ambon,Kue Basah,10,40000,400000
2023-01-21,Macaron,Kue Kering,7,15000,105000
2023-01-21,Donut,Roti,9,12000,108000
2023-01-22,Macaron,Kue Kering,5,15000,75000
2023-01-22,Donut,Roti,4,12000,48000
2023-01-22,Lapis Legit,Kue Basah,2,55000,110000
2023-01-23,Macaron,Kue Kering,5,15000,75000
2023-01-23,Macaron,Kue Kering,1,15000,15000
2023-01-23,Macaron,Kue Kering,5,15000,75000
2023-01-23,Brownies,Kue Kering,1,75000,75000
2023-01-23,Macaron,Kue Kering,1,15000,15000
2023-01-23,Brownies,Kue Kering,5,75000,375000
2023-01-24,Macaron,Kue Kering,3,15000,45000
2023-01-24,Macaron,Kue Kering,5,15000,75000
2023-01-24,Lapis Legit,Kue Basah,2,55000,110000
2023-01-24,Lapis Legit,Kue Basah,1,55000,55000
2023-01-25,Cheese Cake,Cake,3,45000,135000
2023-01-25,Macaron,Kue Kering,5,15000,75000
2023-01-25,Cheese Cake,Cake,8,45000,360000
2023-01-25,Macaron,Kue Kering,10,15000,150000
2023-01-25,Cheese Cake,Cake,1,45000,45000
2023-01-25,Croissant,Pastry,5,25000,125000
2023-01-26,Cheese Cake,Cake,8,45000,360000
2023-01-26,Cheese Cake,Cake,9,45000,405000
2023-01-26,Donut,Roti,10,12000,120000
2023-01-26,Croissant,Pastry,3,25000,75000
2023-01-26,Lapis Legit,Kue Basah,9,55000,495000
2023-01-27,Cheese Cake,Cake,8,45000,360000
2023-01-27,Donut,Roti,1,12000,12000
2023-01-28,Cheese Cake,Cake,10,45000,450000
2023-01-28,Lapis Legit,Kue Basah,1,55000,55000
2023-01-28,Macaron,Kue Kering,7,15000,105000
2023-01-28,Bika Ambon,Kue Basah,9,40000,360000
2023-01-28,Brownies,Kue Kering,6,75000,450000
2023-01-29,Croissant,Pastry,3,25000,75000
2023-01-29,Lapis Legit,Kue Basah,4,55000,220000
2023-01-29,Donut,Roti,1,12000,12000
2023-01-29,Brownies,Kue Kering,6,75000,450000
2023-01-29,Lapis Legit,Kue Basah,5,55000,275000
2023-01-29,Bika Ambon,Kue Basah,1,40000,40000
2023-01-29,Brownies,Kue Kering,6,75000,450000
2023-01-30,Bika Ambon,Kue Basah,6,40000,240000
2023-01-30,Donut,Roti,5,12000,60000
2023-01-30,Donut,Roti,4,12000,48000
2023-01-30,Croissant,Pastry,2,25000,50000
2023-01-30,Cheese Cake,Cake,5,45000,225000
2023-01-30,Brownies,Kue Kering,10,75000,750000
2023-01-31,Bika Ambon,Kue Basah,6,40000,240000
2023-01-31,Croissant,Pastry,10,25000,250000
2023-02-01,Donut,Roti,1,12000,12000
2023-02-01,Brownies,Kue Kering,7,75000,525000
2023-02-01,Cheese Cake,Cake,2,45000,90000
2023-02-02,Donut,Roti,4,12000,48000
2023-02-02,Cheese Cake,Cake,5,45000,225000
2023-02-02,Croissant,Pastry,10,25000,250000
2023-02-02,Brownies,Kue Kering,3,75000,225000
2023-02-02,Brownies,Kue Kering,10,75000,750000
2023-02-02,Brownies,Kue Kering,8,75000,600000
2023-02-03,Brownies,Kue Kering,2,75000,150000
2023-02-03,Croissant,Pastry,1,25000,25000
2023-02-03,Croissant,Pastry,7,25000,175000
2023-02-03,Lapis Legit,Kue Basah,3,55000,165000
2023-02-03,Lapis Legit,Kue Basah,8,55000,440000
2023-02-03,Macaron,Kue Kering,8,15000,120000
2023-02-04,Croissant,Pastry,9,25000,225000
2023-02-04,Cheese Cake,Cake,7,45000,315000
2023-02-04,Bika Ambon,Kue Basah,8,40000,320000
2023-02-04,Lapis Legit,Kue Basah,7,55000,385000
2023-02-04,Cheese Cake,Cake,6,45000,270000
2023-02-04,Cheese Cake,Cake,1,45000,45000
2023-02-04,Croissant,Pastry,9,25000,225000
2023-02-04,Croissant,Pastry,10,25000,250000
2023-02-05,Macaron,Kue Kering,8,15000,120000
2023-02-05,Lapis Legit,Kue Basah,9,55000,495000
2023-02-05,Brownies,Kue Kering,8,75000,600000
2023-02-05,Macaron,Kue Kering,4,15000,60000
2023-02-05,Macaron,Kue Kering,6,15000,90000
2023-02-06,Donut,Roti,4,12000,48000
2023-02-06,Donut,Roti,8,12000,96000
2023-02-06,Croissant,Pastry,10,25000,250000
2023-02-06,Cheese Cake,Cake,10,45000,450000
2023-02-07,Cheese Cake,Cake,8,45000,360000
2023-02-07,Lapis Legit,Kue Basah,7,55000,385000
2023-02-08,Macaron,Kue Kering,3,15000,45000
2023-02-08,Croissant,Pastry,7,25000,175000
2023-02-08,Lapis Legit,Kue Basah,2,55000,110000
2023-02-08,Croissant,Pastry,9,25000,225000
2023-02-08,Donut,Roti,2,12000,24000
2023-02-08,Cheese Cake,Cake,3,45000,135000
2023-02-08,Bika Ambon,Kue Basah,8,40000,320000
2023-02-08,Croissant,Pastry,3,25000,75000
2023-02-08,Donut,Roti,5,12000,60000
2023-02-09,Bika Ambon,Kue Basah,5,40000,200000
2023-02-09,Bika Ambon,Kue Basah,1,40000,40000
2023-02-09,Brownies,Kue Kering,3,75000,225000
2023-02-09,Croissant,Pastry,7,25000,175000
2023-02-09,Lapis Legit,Kue Basah,10,55000,550000
2023-02-09,Macaron,Kue Kering,8,15000,120000
2023-02-09,Cheese Cake,Cake,6,45000,270000
2023-02-09,Lapis Legit,Kue Basah,3,55000,165000
2023-02-09,Croissant,Pastry,1,25000,25000
2023-02-09,Cheese Cake,Cake,6,45000,270000
2023-02-10,Cheese Cake,Cake,3,45000,135000
2023-02-10,Macaron,Kue Kering,7,15000,105000
2023-02-10,Bika Ambon,Kue Basah,9,40000,360000
2023-02-10,Cheese Cake,Cake,6,45000,270000
2023-02-10,Donut,Roti,1,12000,12000
2023-02-10,Donut,Roti,6,12000,72000
2023-02-10,Brownies,Kue Kering,4,75000,300000
2023-02-10,Bika Ambon,Kue Basah,1,40000,40000
2023-02-11,Cheese Cake,Cake,2,45000,90000
2023-02-11,Lapis Legit,Kue Basah,9,55000,495000
2023-02-11,Cheese Cake,Cake,3,45000,135000
2023-02-11,Donut,Roti,9,12000,108000
2023-02-11,Macaron,Kue Kering,4,15000,60000
2023-02-12,Croissant,Pastry,8,25000,200000
2023-02-12,Macaron,Kue Kering,10,15000,150000
2023-02-12,Croissant,Pastry,8,25000,200000
2023-02-12,Donut,Roti,5,12000,60000
2023-02-12,Donut,Roti,5,12000,60000
2023-02-12,Bika Ambon,Kue Basah,10,40000,400000
2023-02-12,Croissant,Pastry,6,25000,150000
2023-02-12,Croissant,Pastry,1,25000,25000
2023-02-13,Donut,Roti,9,12000,108000
2023-02-13,Croissant,Pastry,5,25000,125000
2023-02-14,Lapis Legit,Kue Basah,10,55000,550000
2023-02-15,Brownies,Kue Kering,9,75000,675000
2023-02-15,Macaron,Kue Kering,6,15000,90000
2023-02-15,Macaron,Kue Kering,4,15000,60000
2023-02-15,Donut,Roti,4,12000,48000
2023-02-15,Croissant,Pastry,6,25000,150000
2023-02-15,Bika Ambon,Kue Basah,5,40000,200000
2023-02-15,Croissant,Pastry,10,25000,250000
2023-02-15,Cheese Cake,Cake,1,45000,45000
2023-02-16,Croissant,Pastry,3,25000,75000
2023-02-16,Macaron,Kue Kering,5,15000,75000
2023-02-16,Cheese Cake,Cake,1,45000,45000
2023-02-16,Lapis Legit,Kue Basah,7,55000,385000
2023-02-16,Macaron,Kue Kering,6,15000,90000
2023-02-17,Lapis Legit,Kue Basah,5,55000,275000
2023-02-17,Macaron,Kue Kering,4,15000,60000
2023-02-17,Donut,Roti,7,12000,84000
2023-02-18,Lapis Legit,Kue Basah,6,55000,330000
2023-02-18,Lapis Legit,Kue Basah,2,55000,110000
2023-02-18,Croissant,Pastry,9,25000,225000
2023-02-18,Cheese Cake,Cake,1,45000,45000
2023-02-18,Brownies,Kue Kering,7,75000,525000
2023-02-18,Macaron,Kue Kering,7,15000,105000
2023-02-18,Macaron,Kue Kering,5,15000,75000
2023-02-19,Bika Ambon,Kue Basah,5,40000,200000
2023-02-19,Bika Ambon,Kue Basah,5,40000,200000
2023-02-19,Bika Ambon,Kue Basah,2,40000,80000
2023-02-19,Donut,Roti,1,12000,12000
2023-02-19,Croissant,Pastry,4,25000,100000
2023-02-19,Brownies,Kue Kering,2,75000,150000
2023-02-19,Brownies,Kue Kering,6,75000,450000
2023-02-20,Lapis Legit,Kue Basah,3,55000,165000
2023-02-20,Cheese Cake,Cake,9,45000,405000
2023-02-20,Brownies,Kue Kering,5,75000,375000
2023-02-20,Macaron,Kue Kering,1,15000,15000
2023-02-20,Macaron,Kue Kering,3,15000,45000
2023-02-21,Donut,Roti,3,12000,36000
2023-02-21,Croissant,Pastry,7,25000,175000
2023-02-21,Macaron,Kue Kering,7,15000,105000
2023-02-21,Macaron,Kue Kering,5,15000,75000
2023-02-21,Cheese Cake,Cake,6,45000,270000
2023-02-21,Brownies,Kue Kering,2,75000,150000
2023-02-22,Donut,Roti,3,12000,36000
2023-02-22,Bika Ambon,Kue Basah,5,40000,200000
2023-02-22,Donut,Roti,8,12000,96000
2023-02-22,Croissant,Pastry,10,25000,250000
2023-02-22,Lapis Legit,Kue Basah,1,55000,55000
2023-02-22,Donut,Roti,8,12000,96000
2023-02-22,Lapis Legit,Kue Basah,6,55000,330000
2023-02-23,Macaron,Kue Kering,10,15000,150000
2023-02-23,Lapis Legit,Kue Basah,10,55000,550000
2023-02-23,Donut,Roti,5,12000,60000
2023-02-23,Cheese Cake,Cake,2,45000,90000
2023-02-23,Macaron,Kue Kering,8,15000,120000
2023-02-23,Lapis Legit,Kue Basah,3,55000,165000
2023-02-24,Bika Ambon,Kue Basah,10,40000,400000
2023-02-24,Macaron,Kue Kering,5,15000,75000
2023-02-24,Croissant,Pastry,3,25000,75000
2023-02-24,Bika Ambon,Kue Basah,6,40000,240000
2023-02-25,Donut,Roti,1,12000,12000
2023-02-25,Bika Ambon,Kue Basah,10,40000,400000
2023-02-25,Donut,Roti,5,12000,60000
2023-02-25,Cheese Cake,Cake,4,45000,180000
2023-02-25,Cheese Cake,Cake,9,45000,405000
2023-02-25,Donut,Roti,3,12000,36000
2023-02-25,Croissant,Pastry,1,25000,25000
2023-02-26,Bika Ambon,Kue Basah,10,40000,400000
2023-02-26,Lapis Legit,Kue Basah,4,55000,220000
2023-02-26,Cheese Cake,Cake,7,45000,315000
2023-02-26,Bika Ambon,Kue Basah,3,40000,120000
2023-02-26,Croissant,Pastry,1,25000,25000
2023-02-26,Croissant,Pastry,2,25000,50000
2023-02-26,Macaron,Kue Kering,1,15000,15000
2023-02-27,Donut,Roti,6,12000,72000
2023-02-27,Bika Ambon,Kue Basah,6,40000,240000
2023-02-27,Macaron,Kue Kering,5,15000,75000
2023-02-27,Donut,Roti,8,12000,96000
2023-02-27,Macaron,Kue Kering,9,15000,135000
2023-02-27,Macaron,Kue Kering,8,15000,120000
2023-02-27,Brownies,Kue Kering,1,75000,75000
2023-02-27,Lapis Legit,Kue Basah,8,55000,440000
2023-02-27,Macaron,Kue Kering,6,15000,90000
2023-02-27,Bika Ambon,Kue Basah,1,40000,40000
2023-02-28,Brownies,Kue Kering,2,75000,150000
2023-02-28,Cheese Cake,Cake,1,45000,45000
2023-02-28,Cheese Cake,Cake,2,45000,90000
2023-02-28,Cheese Cake,Cake,4,45000,180000
2023-02-28,Bika Ambon,Kue Basah,1,40000,40000
2023-02-28,Cheese Cake,Cake,3,45000,135000
2023-02-28,Lapis Legit,Kue Basah,2,55000,110000
2023-03-01,Cheese Cake,Cake,4,45000,180000
2023-03-01,Brownies,Kue Kering,10,75000,750000
2023-03-01,Bika Ambon,Kue Basah,9,40000,360000
2023-03-01,Bika Ambon,Kue Basah,6,40000,240000
2023-03-02,Brownies,Kue Kering,4,75000,300000
2023-03-02,Cheese Cake,Cake,6,45000,270000
2023-03-02,Donut,Roti,1,12000,12000
2023-03-02,Bika Ambon,Kue Basah,7,40000,280000
2023-03-02,Donut,Roti,5,12000,60000
2023-03-02,Donut,Roti,2,12000,24000
2023-03-03,Croissant,Pastry,10,25000,250000
2023-03-03,Croissant,Pastry,2,25000,50000
2023-03-03,Croissant,Pastry,3,25000,75000
2023-03-03,Croissant,Pastry,2,25000,50000
2023-03-03,Lapis Legit,Kue Basah,2,55000,110000
2023-03-03,Cheese Cake,Cake,6,45000,270000
2023-03-03,Bika Ambon,Kue Basah,3,40000,120000
2023-03-03,Lapis Legit,Kue Basah,2,55000,110000
2023-03-03,Lapis Legit,Kue Basah,6,55000,330000
2023-03-03,Bika Ambon,Kue Basah,2,40000,80000
2023-03-03,Macaron,Kue Kering,8,15000,120000
2023-03-03,Cheese Cake,Cake,4,45000,180000
2023-03-04,Donut,Roti,2,12000,24000
2023-03-04,Macaron,Kue Kering,5,15000,75000
2023-03-04,Cheese Cake,Cake,5,45000,225000
2023-03-04,Brownies,Kue Kering,9,75000,675000
2023-03-04,Brownies,Kue Kering,1,75000,75000
2023-03-04,Macaron,Kue Kering,8,15000,120000
2023-03-04,Macaron,Kue Kering,3,15000,45000
2023-03-04,Croissant,Pastry,8,25000,200000
2023-03-05,Lapis Legit,Kue Basah,1,55000,55000
2023-03-05,Croissant,Pastry,3,25000,75000
2023-03-05,Cheese Cake,Cake,10,45000,450000
2023-03-05,Croissant,Pastry,8,25000,200000
2023-03-05,Donut,Roti,6,12000,72000
2023-03-05,Croissant,Pastry,10,25000,250000
2023-03-05,Cheese Cake,Cake,7,45000,315000
2023-03-06,Brownies,Kue Kering,4,75000,300000
2023-03-06,Croissant,Pastry,3,25000,75000
2023-03-06,Croissant,Pastry,8,25000,200000
2023-03-06,Brownies,Kue Kering,3,75000,225000
2023-03-06,Cheese Cake,Cake,10,45000,450000
2023-03-06,Donut,Roti,5,12000,60000
2023-03-06,Cheese Cake,Cake,10,45000,450000
2023-03-06,Bika Ambon,Kue Basah,2,40000,80000
2023-03-06,Brownies,Kue Kering,1,75000,75000
2023-03-07,Brownies,Kue Kering,6,75000,450000
2023-03-07,Lapis Legit,Kue Basah,8,55000,440000
2023-03-07,Lapis Legit,Kue Basah,3,55000,165000
2023-03-08,Bika Ambon,Kue Basah,9,40000,360000
2023-03-08,Lapis Legit,Kue Basah,1,55000,55000
2023-03-08,Lapis Legit,Kue Basah,1,55000,55000
2023-03-09,Donut,Roti,9,12000,108000
2023-03-09,Bika Ambon,Kue Basah,2,40000,80000
2023-03-09,Croissant,Pastry,2,25000,50000
2023-03-09,Donut,Roti,1,12000,12000
2023-03-09,Cheese Cake,Cake,10,45000,450000
2023-03-09,Donut,Roti,6,12000,72000
2023-03-10,Macaron,Kue Kering,2,15000,30000
2023-03-10,Cheese Cake,Cake,10,45000,450000
2023-03-11,Brownies,Kue Kering,8,75000,600000
2023-03-11,Donut,Roti,5,12000,60000
2023-03-11,Bika Ambon,Kue Basah,10,40000,400000
2023-03-11,Brownies,Kue Kering,5,75000,375000
2023-03-12,Bika Ambon,Kue Basah,10,40000,400000
2023-03-12,Bika Ambon,Kue Basah,4,40000,160000
2023-03-12,Brownies,Kue Kering,9,75000,675000
2023-03-12,Croissant,Pastry,9,25000,225000
2023-03-12,Lapis Legit,Kue Basah,10,55000,550000
2023-03-13,Bika Ambon,Kue Basah,9,40000,360000
2023-03-13,Macaron,Kue Kering,2,15000,30000
2023-03-13,Brownies,Kue Kering,4,75000,300000
2023-03-13,Bika Ambon,Kue Basah,2,40000,80000
2023-03-13,Brownies,Kue Kering,9,75000,675000
2023-03-14,Brownies,Kue Kering,7,75000,525000
2023-03-15,Bika Ambon,Kue Basah,10,40000,400000
2023-03-15,Brownies,Kue Kering,10,75000,750000
2023-03-15,Macaron,Kue Kering,4,15000,60000
2023-03-16,Bika Ambon,Kue Basah,10,40000,400000
2023-03-16,Bika Ambon,Kue Basah,9,40000,360000
2023-03-16,Macaron,Kue Kering,9,15000,135000
2023-03-16,Lapis Legit,Kue Basah,3,55000,165000
2023-03-16,Croissant,Pastry,10,25000,250000
2023-03-17,Brownies,Kue Kering,4,75000,300000
2023-03-17,Cheese Cake,Cake,7,45000,315000
2023-03-17,Bika Ambon,Kue Basah,5,40000,200000
2023-03-17,Bika Ambon,Kue Basah,10,40000,400000
2023-03-18,Croissant,Pastry,4,25000,100000
2023-03-18,Macaron,Kue Kering,1,15000,15000
2023-03-18,Brownies,Kue Kering,1,75000,75000
2023-03-18,Cheese Cake,Cake,5,45000,225000
2023-03-18,Bika Ambon,Kue Basah,4,40000,160000
2023-03-18,Lapis Legit,Kue Basah,1,55000,55000
2023-03-18,Bika Ambon,Kue Basah,9,40000,360000
2023-03-18,Brownies,Kue Kering,8,75000,600000
2023-03-18,Bika Ambon,Kue Basah,10,40000,400000
2023-03-18,Croissant,Pastry,4,25000,100000
2023-03-18,Macaron,Kue Kering,3,15000,45000
2023-03-18,Macaron,Kue Kering,9,15000,135000
2023-03-18,Macaron,Kue Kering,10,15000,150000
2023-03-19,Macaron,Kue Kering,5,15000,75000
2023-03-19,Bika Ambon,Kue Basah,6,40000,240000
2023-03-19,Bika Ambon,Kue Basah,7,40000,280000
2023-03-19,Lapis Legit,Kue Basah,9,55000,495000
2023-03-20,Croissant,Pastry,8,25000,200000
2023-03-20,Lapis Legit,Kue Basah,9,55000,495000
2023-03-20,Bika Ambon,Kue Basah,8,40000,320000
2023-03-20,Donut,Roti,6,12000,72000
2023-03-20,Brownies,Kue Kering,6,75000,450000
2023-03-20,Cheese Cake,Cake,9,45000,405000
2023-03-21,Donut,Roti,5,12000,60000
2023-03-21,Lapis Legit,Kue Basah,7,55000,385000
2023-03-21,Croissant,Pastry,4,25000,100000
2023-03-21,Lapis Legit,Kue Basah,7,55000,385000
2023-03-21,Brownies,Kue Kering,8,75000,600000
2023-03-21,Brownies,Kue Kering,4,75000,300000
2023-03-21,Brownies,Kue Kering,8,75000,600000
2023-03-22,Lapis Legit,Kue Basah,7,55000,385000
2023-03-22,Croissant,Pastry,10,25000,250000
2023-03-22,Macaron,Kue Kering,3,15000,45000
2023-03-23,Brownies,Kue Kering,8,75000,600000
2023-03-23,Brownies,Kue Kering,2,75000,150000
2023-03-23,Lapis Legit,Kue Basah,8,55000,440000
2023-03-23,Donut,Roti,4,12000,48000
2023-03-24,Brownies,Kue Kering,10,75000,750000
2023-03-24,Macaron,Kue Kering,5,15000,75000
2023-03-24,Croissant,Pastry,8,25000,200000
2023-03-24,Cheese Cake,Cake,10,45000,450000
2023-03-24,Bika Ambon,Kue Basah,10,40000,400000
2023-03-24,Brownies,Kue Kering,7,75000,525000
2023-03-24,Macaron,Kue Kering,9,15000,135000
2023-03-24,Brownies,Kue Kering,2,75000,150000
2023-03-25,Macaron,Kue Kering,7,15000,105000
2023-03-25,Brownies,Kue Kering,8,75000,600000
2023-03-25,Bika Ambon,Kue Basah,4,40000,160000
2023-03-25,Cheese Cake,Cake,6,45000,270000
2023-03-26,Bika Ambon,Kue Basah,3,40000,120000
2023-03-26,Cheese Cake,Cake,8,45000,360000
2023-03-26,Donut,Roti,6,12000,72000
2023-03-26,Bika Ambon,Kue Basah,3,40000,120000
2023-03-26,Cheese Cake,Cake,1,45000,45000
2023-03-26,Macaron,Kue Kering,2,15000,30000
2023-03-26,Donut,Roti,4,12000,48000
2023-03-27,Cheese Cake,Cake,8,45000,360000
2023-03-27,Cheese Cake,Cake,2,45000,90000
2023-03-27,Cheese Cake,Cake,1,45000,45000
2023-03-27,Macaron,Kue Kering,5,15000,75000
2023-03-27,Lapis Legit,Kue Basah,10,55000,550000
2023-03-28,Donut,Roti,2,12000,24000
2023-03-28,Macaron,Kue Kering,2,15000,30000
2023-03-28,Lapis Legit,Kue Basah,7,55000,385000
2023-03-28,Croissant,Pastry,10,25000,250000
2023-03-28,Croissant,Pastry,6,25000,150000
2023-03-29,Lapis Legit,Kue Basah,4,55000,220000
2023-03-29,Lapis Legit,Kue Basah,2,55000,110000
2023-03-29,Cheese Cake,Cake,1,45000,45000
2023-03-29,Brownies,Kue Kering,2,75000,150000
2023-03-29,Brownies,Kue Kering,4,75000,300000
2023-03-29,Macaron,Kue Kering,1,15000,15000
2023-03-29,Lapis Legit,Kue Basah,2,55000,110000
2023-03-29,Donut,Roti,7,12000,84000
2023-03-29,Donut,Roti,3,12000,36000
2023-03-30,Croissant,Pastry,8,25000,200000
2023-03-30,Donut,Roti,10,12000,120000
2023-03-30,Donut,Roti,7,12000,84000
2023-03-30,Brownies,Kue Kering,1,75000,75000
2023-03-31,Donut,Roti,9,12000,108000
2023-03-31,Croissant,Pastry,9,25000,225000
2023-03-31,Lapis Legit,Kue Basah,4,55000,220000
2023-03-31,Macaron,Kue Kering,7,15000,105000
2023-03-31,Macaron,Kue Kering,6,15000,90000
2023-03-31,Macaron,Kue Kering,8,15000,120000
2023-04-01,Croissant,Pastry,6,25000,150000
2023-04-01,Bika Ambon,Kue Basah,6,40000,240000
2023-04-01,Brownies,Kue Kering,3,75000,225000
2023-04-01,Macaron,Kue Kering,4,15000,60000
2023-04-01,Brownies,Kue Kering,10,75000,750000
2023-04-01,Croissant,Pastry,10,25000,250000
2023-04-01,Croissant,Pastry,3,25000,75000
2023-04-02,Donut,Roti,8,12000,96000
2023-04-02,Macaron,Kue Kering,1,15000,15000
2023-04-02,Brownies,Kue Kering,5,75000,375000
2023-04-02,Lapis Legit,Kue Basah,9,55000,495000
2023-04-02,Lapis Legit,Kue Basah,1,55000,55000
2023-04-02,Macaron,Kue Kering,10,15000,150000
2023-04-02,Bika Ambon,Kue Basah,8,40000,320000
2023-04-03,Macaron,Kue Kering,3,15000,45000
2023-04-03,Donut,Roti,4,12000,48000
2023-04-03,Macaron,Kue Kering,1,15000,15000
2023-04-04,Lapis Legit,Kue Basah,9,55000,495000
2023-04-04,Bika Ambon,Kue Basah,1,40000,40000
2023-04-04,Cheese Cake,Cake,9,45000,405000
2023-04-04,Cheese Cake,Cake,5,45000,225000
2023-04-04,Lapis Legit,Kue Basah,2,55000,110000
2023-04-04,Cheese Cake,Cake,9,45000,405000
2023-04-04,Donut,Roti,3,12000,36000
2023-04-04,Lapis Legit,Kue Basah,4,55000,220000
2023-04-04,Bika Ambon,Kue Basah,1,40000,40000
2023-04-04,Donut,Roti,9,12000,108000
2023-04-04,Brownies,Kue Kering,8,75000,600000
2023-04-05,Donut,Roti,7,12000,84000
2023-04-05,Cheese Cake,Cake,9,45000,405000
2023-04-05,Lapis Legit,Kue Basah,9,55000,495000
2023-04-05,Macaron,Kue Kering,7,15000,105000
2023-04-06,Lapis Legit,Kue Basah,10,55000,550000
2023-04-06,Bika Ambon,Kue Basah,10,40000,400000
2023-04-06,Lapis Legit,Kue Basah,10,55000,550000
2023-04-06,Donut,Roti,10,12000,120000
2023-04-06,Croissant,Pastry,6,25000,150000
2023-04-06,Lapis Legit,Kue Basah,2,55000,110000
2023-04-06,Lapis Legit,Kue Basah,3,55000,165000
2023-04-06,Croissant,Pastry,4,25000,100000
2023-04-06,Lapis Legit,Kue Basah,1,55000,55000
2023-04-07,Lapis Legit,Kue Basah,4,55000,220000
2023-04-07,Croissant,Pastry,5,25000,125000
2023-04-07,Brownies,Kue Kering,10,75000,750000
2023-04-08,Bika Ambon,Kue Basah,2,40000,80000
2023-04-08,Donut,Roti,1,12000,12000
2023-04-09,Brownies,Kue Kering,8,75000,600000
2023-04-09,Brownies,Kue Kering,1,75000,75000
2023-04-09,Cheese Cake,Cake,5,45000,225000
2023-04-10,Brownies,Kue Kering,5,75000,375000
2023-04-10,Lapis Legit,Kue Basah,7,55000,385000
2023-04-10,Cheese Cake,Cake,1,45000,45000
2023-04-11,Brownies,Kue Kering,2,75000,150000
2023-04-11,Cheese Cake,Cake,3,45000,135000
2023-04-11,Brownies,Kue Kering,9,75000,675000
2023-04-11,Brownies,Kue Kering,5,75000,375000
2023-04-12,Cheese Cake,Cake,5,45000,225000
2023-04-12,Brownies,Kue Kering,7,75000,525000
2023-04-12,Lapis Legit,Kue Basah,6,55000,330000
2023-04-12,Cheese Cake,Cake,3,45000,135000
2023-04-12,Lapis Legit,Kue Basah,9,55000,495000
2023-04-12,Brownies,Kue Kering,1,75000,75000
2023-04-13,Croissant,Pastry,1,25000,25000
2023-04-13,Lapis Legit,Kue Basah,7,55000,385000
2023-04-13,Brownies,Kue Kering,2,75000,150000
2023-04-13,Brownies,Kue Kering,1,75000,75000
2023-04-14,Brownies,Kue Kering,4,75000,300000
2023-04-14,Cheese Cake,Cake,3,45000,135000
2023-04-14,Lapis Legit,Kue Basah,7,55000,385000
2023-04-14,Macaron,Kue Kering,8,15000,120000
2023-04-14,Brownies,Kue Kering,8,75000,600000
2023-04-14,Macaron,Kue Kering,4,15000,60000
2023-04-14,Macaron,Kue Kering,1,15000,15000
2023-04-14,Bika Ambon,Kue Basah,4,40000,160000
2023-04-14,Lapis Legit,Kue Basah,6,55000,330000
2023-04-14,Cheese Cake,Cake,5,45000,225000
2023-04-14,Macaron,Kue Kering,4,15000,60000
2023-04-15,Macaron,Kue Kering,5,15000,75000
2023-04-15,Bika Ambon,Kue Basah,7,40000,280000
2023-04-15,Lapis Legit,Kue Basah,6,55000,330000
2023-04-15,Donut,Roti,7,12000,84000
2023-04-15,Donut,Roti,2,12000,24000
2023-04-16,Cheese Cake,Cake,1,45000,45000
2023-04-16,Macaron,Kue Kering,7,15000,105000
2023-04-16,Donut,Roti,5,12000,60000
2023-04-16,Cheese Cake,Cake,5,45000,225000
2023-04-16,Donut,Roti,1,12000,12000
2023-04-16,Cheese Cake,Cake,8,45000,360000
2023-04-17,Croissant,Pastry,6,25000,150000
2023-04-17,Bika Ambon,Kue Basah,3,40000,120000
2023-04-17,Lapis Legit,Kue Basah,1,55000,55000
2023-04-17,Donut,Roti,8,12000,96000
2023-04-18,Cheese Cake,Cake,4,45000,180000
2023-04-18,Brownies,Kue Kering,6,75000,450000
2023-04-18,Bika Ambon,Kue Basah,9,40000,360000
2023-04-18,Donut,Roti,3,12000,36000
2023-04-19,Cheese Cake,Cake,9,45000,405000
2023-04-19,Croissant,Pastry,4,25000,100000
2023-04-19,Bika Ambon,Kue Basah,4,40000,160000
2023-04-19,Bika Ambon,Kue Basah,3,40000,120000
2023-04-19,Brownies,Kue Kering,8,75000,600000
2023-04-19,Brownies,Kue Kering,6,75000,450000
2023-04-20,Croissant,Pastry,9,25000,225000
2023-04-20,Lapis Legit,Kue Basah,1,55000,55000
2023-04-20,Cheese Cake,Cake,9,45000,405000
2023-04-20,Brownies,Kue Kering,10,75000,750000
2023-04-20,Bika Ambon,Kue Basah,10,40000,400000
2023-04-20,Bika Ambon,Kue Basah,4,40000,160000
2023-04-21,Bika Ambon,Kue Basah,7,40000,280000
2023-04-21,Bika Ambon,Kue Basah,3,40000,120000
2023-04-21,Lapis Legit,Kue Basah,7,55000,385000
2023-04-21,Macaron,Kue Kering,6,15000,90000
2023-04-21,Lapis Legit,Kue Basah,9,55000,495000
2023-04-21,Bika Ambon,Kue Basah,10,40000,400000
2023-04-22,Donut,Roti,4,12000,48000
2023-04-22,Croissant,Pastry,7,25000,175000
2023-04-22,Cheese Cake,Cake,10,45000,450000
2023-04-23,Bika Ambon,Kue Basah,9,40000,360000
2023-04-23,Macaron,Kue Kering,10,15000,150000
2023-04-23,Donut,Roti,9,12000,108000
2023-04-23,Cheese Cake,Cake,2,45000,90000
2023-04-23,Lapis Legit,Kue Basah,9,55000,495000
2023-04-23,Lapis Legit,Kue Basah,9,55000,495000
2023-04-23,Lapis Legit,Kue Basah,5,55000,275000
2023-04-23,Lapis Legit,Kue Basah,6,55000,330000
2023-04-23,Brownies,Kue Kering,3,75000,225000
2023-04-24,Cheese Cake,Cake,4,45000,180000
2023-04-24,Cheese Cake,Cake,9,45000,405000
2023-04-24,Lapis Legit,Kue Basah,5,55000,275000
2023-04-24,Lapis Legit,Kue Basah,8,55000,440000
2023-04-25,Croissant,Pastry,1,25000,25000
2023-04-25,Cheese Cake,Cake,1,45000,45000
2023-04-25,Macaron,Kue Kering,9,15000,135000
2023-04-25,Donut,Roti,9,12000,108000
2023-04-25,Bika Ambon,Kue Basah,10,40000,400000
2023-04-25,Lapis Legit,Kue Basah,5,55000,275000
2023-04-25,Croissant,Pastry,4,25000,100000
2023-04-25,Lapis Legit,Kue Basah,7,55000,385000
2023-04-25,Cheese Cake,Cake,9,45000,405000
2023-04-26,Bika Ambon,Kue Basah,6,40000,240000
2023-04-26,Donut,Roti,4,12000,48000
2023-04-26,Bika Ambon,Kue Basah,6,40000,240000
2023-04-26,Croissant,Pastry,7,25000,175000
2023-04-26,Cheese Cake,Cake,8,45000,360000
2023-04-26,Cheese Cake,Cake,10,45000,450000
2023-04-26,Brownies,Kue Kering,9,75000,675000
2023-04-27,Donut,Roti,3,12000,36000
2023-04-27,Croissant,Pastry,9,25000,225000
2023-04-27,Croissant,Pastry,8,25000,200000
2023-04-27,Croissant,Pastry,1,25000,25000
2023-04-27,Croissant,Pastry,1,25000,25000
2023-04-27,Bika Ambon,Kue Basah,8,40000,320000
2023-04-27,Croissant,Pastry,7,25000,175000
2023-04-28,Cheese Cake,Cake,3,45000,135000
2023-04-28,Brownies,Kue Kering,10,75000,750000
2023-04-28,Cheese Cake,Cake,3,45000,135000
2023-04-28,Bika Ambon,Kue Basah,3,40000,120000
2023-04-28,Donut,Roti,6,12000,72000
2023-04-28,Brownies,Kue Kering,9,75000,675000
2023-04-28,Croissant,Pastry,7,25000,175000
2023-04-29,Macaron,Kue Kering,7,15000,105000
2023-04-29,Macaron,Kue Kering,1,15000,15000
2023-04-29,Macaron,Kue Kering,6,15000,90000
2023-04-30,Macaron,Kue Kering,4,15000,60000
2023-04-30,Brownies,Kue Kering,2,75000,150000
2023-04-30,Macaron,Kue Kering,2,15000,30000
2023-05-01,Donut,Roti,7,12000,84000
2023-05-01,Brownies,Kue Kering,1,75000,75000
2023-05-01,Croissant,Pastry,9,25000,225000
2023-05-01,Macaron,Kue Kering,5,15000,75000
2023-05-02,Macaron,Kue Kering,4,15000,60000
2023-05-02,Lapis Legit,Kue Basah,3,55000,165000
2023-05-02,Cheese Cake,Cake,6,45000,270000
2023-05-02,Donut,Roti,3,12000,36000
2023-05-02,Cheese Cake,Cake,7,45000,315000
2023-05-02,Croissant,Pastry,1,25000,25000
2023-05-02,Bika Ambon,Kue Basah,1,40000,40000
2023-05-02,Brownies,Kue Kering,8,75000,600000
2023-05-03,Bika Ambon,Kue Basah,10,40000,400000
2023-05-03,Macaron,Kue Kering,1,15000,15000
2023-05-03,Bika Ambon,Kue Basah,4,40000,160000
2023-05-03,Brownies,Kue Kering,7,75000,525000
2023-05-03,Donut,Roti,2,12000,24000
2023-05-04,Macaron,Kue Kering,2,15000,30000
2023-05-04,Brownies,Kue Kering,1,75000,75000
2023-05-04,Donut,Roti,4,12000,48000
2023-05-04,Donut,Roti,7,12000,84000
2023-05-04,Macaron,Kue Kering,8,15000,120000
2023-05-04,Lapis Legit,Kue Basah,7,55000,385000
2023-05-04,Brownies,Kue Kering,8,75000,600000
2023-05-04,Brownies,Kue Kering,9,75000,675000
2023-05-05,Cheese Cake,Cake,10,45000,450000
2023-05-05,Lapis Legit,Kue Basah,5,55000,275000
2023-05-05,Lapis Legit,Kue Basah,10,55000,550000
2023-05-05,Croissant,Pastry,4,25000,100000
2023-05-05,Macaron,Kue Kering,1,15000,15000
2023-05-05,Cheese Cake,Cake,3,45000,135000
2023-05-06,Brownies,Kue Kering,9,75000,675000
2023-05-06,Cheese Cake,Cake,9,45000,405000
2023-05-06,Cheese Cake,Cake,2,45000,90000
2023-05-06,Lapis Legit,Kue Basah,4,55000,220000
2023-05-06,Bika Ambon,Kue Basah,10,40000,400000
2023-05-06,Bika Ambon,Kue Basah,5,40000,200000
2023-05-06,Brownies,Kue Kering,6,75000,450000
2023-05-06,Macaron,Kue Kering,8,15000,120000
2023-05-06,Donut,Roti,3,12000,36000
2023-05-07,Donut,Roti,5,12000,60000
2023-05-07,Lapis Legit,Kue Basah,7,55000,385000
2023-05-07,Croissant,Pastry,8,25000,200000
2023-05-07,Macaron,Kue Kering,7,15000,105000
2023-05-07,Croissant,Pastry,3,25000,75000
2023-05-07,Donut,Roti,8,12000,96000
2023-05-07,Brownies,Kue Kering,3,75000,225000
2023-05-08,Macaron,Kue Kering,5,15000,75000
2023-05-08,Bika Ambon,Kue Basah,8,40000,320000
2023-05-08,Brownies,Kue Kering,6,75000,450000
2023-05-08,Cheese Cake,Cake,9,45000,405000
2023-05-08,Donut,Roti,6,12000,72000
2023-05-08,Bika Ambon,Kue Basah,3,40000,120000
2023-05-08,Donut,Roti,2,12000,24000
2023-05-08,Cheese Cake,Cake,3,45000,135000
2023-05-08,Croissant,Pastry,1,25000,25000
2023-05-08,Donut,Roti,1,12000,12000
2023-05-08,Cheese Cake,Cake,6,45000,270000
2023-05-08,Macaron,Kue Kering,9,15000,135000
2023-05-09,Cheese Cake,Cake,1,45000,45000
2023-05-09,Bika Ambon,Kue Basah,10,40000,400000
2023-05-09,Cheese Cake,Cake,2,45000,90000
2023-05-09,Macaron,Kue Kering,6,15000,90000
2023-05-09,Brownies,Kue Kering,8,75000,600000
2023-05-10,Croissant,Pastry,5,25000,125000
2023-05-10,Lapis Legit,Kue Basah,2,55000,110000
2023-05-10,Brownies,Kue Kering,10,75000,750000
2023-05-10,Lapis Legit,Kue Basah,8,55000,440000
2023-05-11,Croissant,Pastry,1,25000,25000
2023-05-11,Brownies,Kue Kering,7,75000,525000
2023-05-11,Brownies,Kue Kering,2,75000,150000
2023-05-11,Croissant,Pastry,10,25000,250000
2023-05-11,Cheese Cake,Cake,10,45000,450000
2023-05-11,Donut,Roti,3,12000,36000
2023-05-11,Bika Ambon,Kue Basah,4,40000,160000
2023-05-11,Croissant,Pastry,2,25000,50000
2023-05-12,Lapis Legit,Kue Basah,4,55000,220000
2023-05-12,Donut,Roti,2,12000,24000
2023-05-12,Croissant,Pastry,8,25000,200000
2023-05-12,Croissant,Pastry,8,25000,200000
2023-05-12,Croissant,Pastry,4,25000,100000
2023-05-12,Cheese Cake,Cake,3,45000,135000
2023-05-13,Brownies,Kue Kering,5,75000,375000
2023-05-13,Bika Ambon,Kue Basah,5,40000,200000
2023-05-14,Bika Ambon,Kue Basah,1,40000,40000
2023-05-14,Macaron,Kue Kering,5,15000,75000
2023-05-14,Brownies,Kue Kering,5,75000,375000
2023-05-14,Brownies,Kue Kering,7,75000,525000
2023-05-14,Bika Ambon,Kue Basah,8,40000,320000
2023-05-15,Brownies,Kue Kering,6,75000,450000
2023-05-15,Macaron,Kue Kering,9,15000,135000
2023-05-15,Brownies,Kue Kering,10,75000,750000
2023-05-15,Cheese Cake,Cake,10,45000,450000
2023-05-15,Lapis Legit,Kue Basah,8,55000,440000
2023-05-15,Croissant,Pastry,10,25000,250000
2023-05-15,Macaron,Kue Kering,1,15000,15000
2023-05-15,Cheese Cake,Cake,8,45000,360000
2023-05-15,Bika Ambon,Kue Basah,1,40000,40000
2023-05-15,Lapis Legit,Kue Basah,10,55000,550000
2023-05-16,Lapis Legit,Kue Basah,6,55000,330000
2023-05-16,Croissant,Pastry,3,25000,75000
2023-05-16,Donut,Roti,7,12000,84000
2023-05-16,Brownies,Kue Kering,3,75000,225000
2023-05-16,Donut,Roti,7,12000,84000
2023-05-16,Donut,Roti,5,12000,60000
2023-05-16,Macaron,Kue Kering,2,15000,30000
2023-05-17,Croissant,Pastry,8,25000,200000
2023-05-17,Cheese Cake,Cake,3,45000,135000
2023-05-17,Macaron,Kue Kering,5,15000,75000
2023-05-17,Brownies,Kue Kering,6,75000,450000
2023-05-17,Macaron,Kue Kering,7,15000,105000
2023-05-17,Donut,Roti,5,12000,60000
2023-05-18,Macaron,Kue Kering,8,15000,120000
2023-05-18,Bika Ambon,Kue Basah,8,40000,320000
2023-05-18,Croissant,Pastry,1,25000,25000
2023-05-18,Bika Ambon,Kue Basah,9,40000,360000
2023-05-18,Croissant,Pastry,8,25000,200000
2023-05-18,Bika Ambon,Kue Basah,4,40000,160000
2023-05-18,Macaron,Kue Kering,1,15000,15000
2023-05-18,Donut,Roti,10,12000,120000
2023-05-18,Lapis Legit,Kue Basah,4,55000,220000
2023-05-19,Macaron,Kue Kering,1,15000,15000
2023-05-19,Brownies,Kue Kering,1,75000,75000
2023-05-19,Brownies,Kue Kering,2,75000,150000
2023-05-19,Brownies,Kue Kering,6,75000,450000
2023-05-20,Cheese Cake,Cake,9,45000,405000
2023-05-20,Bika Ambon,Kue Basah,5,40000,200000
2023-05-20,Donut,Roti,9,12000,108000
2023-05-20,Lapis Legit,Kue Basah,10,55000,550000
2023-05-20,Lapis Legit,Kue Basah,1,55000,55000
2023-05-20,Croissant,Pastry,8,25000,200000
2023-05-21,Macaron,Kue Kering,1,15000,15000
2023-05-21,Macaron,Kue Kering,4,15000,60000
2023-05-21,Croissant,Pastry,9,25000,225000
2023-05-21,Lapis Legit,Kue Basah,2,55000,110000
2023-05-21,Cheese Cake,Cake,9,45000,405000
2023-05-21,Brownies,Kue Kering,9,75000,675000
2023-05-21,Macaron,Kue Kering,8,15000,120000
2023-05-22,Donut,Roti,7,12000,84000
2023-05-22,Cheese Cake,Cake,3,45000,135000
2023-05-23,Lapis Legit,Kue Basah,6,55000,330000
2023-05-23,Macaron,Kue Kering,8,15000,120000
2023-05-23,Lapis Legit,Kue Basah,8,55000,440000
2023-05-23,Brownies,Kue Kering,2,75000,150000
2023-05-23,Lapis Legit,Kue Basah,4,55000,220000
2023-05-24,Macaron,Kue Kering,6,15000,90000
2023-05-24,Brownies,Kue Kering,6,75000,450000
2023-05-24,Donut,Roti,4,12000,48000
2023-05-24,Brownies,Kue Kering,8,75000,600000
2023-05-25,Cheese Cake,Cake,2,45000,90000
2023-05-25,Lapis Legit,Kue Basah,2,55000,110000
2023-05-25,Bika Ambon,Kue Basah,2,40000,80000
2023-05-25,Bika Ambon,Kue Basah,6,40000,240000
2023-05-25,Brownies,Kue Kering,7,75000,525000
2023-05-25,Macaron,Kue Kering,1,15000,15000
2023-05-26,Brownies,Kue Kering,1,75000,75000
2023-05-26,Lapis Legit,Kue Basah,3,55000,165000
2023-05-26,Donut,Roti,4,12000,48000
2023-05-26,Croissant,Pastry,2,25000,50000
2023-05-26,Macaron,Kue Kering,5,15000,75000
2023-05-27,Brownies,Kue Kering,6,75000,450000
2023-05-27,Brownies,Kue Kering,3,75000,225000
2023-05-27,Bika Ambon,Kue Basah,10,40000,400000
2023-05-27,Donut,Roti,8,12000,96000
2023-05-27,Cheese Cake,Cake,3,45000,135000
2023-05-27,Donut,Roti,6,12000,72000
2023-05-28,Brownies,Kue Kering,2,75000,150000
2023-05-28,Croissant,Pastry,10,25000,250000
2023-05-28,Brownies,Kue Kering,4,75000,300000
2023-05-28,Cheese Cake,Cake,6,45000,270000
2023-05-28,Bika Ambon,Kue Basah,7,40000,280000
2023-05-28,Donut,Roti,1,12000,12000
2023-05-28,Lapis Legit,Kue Basah,1,55000,55000
2023-05-28,Cheese Cake,Cake,5,45000,225000
2023-05-28,Brownies,Kue Kering,7,75000,525000
2023-05-29,Cheese Cake,Cake,10,45000,450000
2023-05-29,Croissant,Pastry,10,25000,250000
2023-05-29,Croissant,Pastry,7,25000,175000
2023-05-29,Brownies,Kue Kering,8,75000,600000
2023-05-29,Bika Ambon,Kue Basah,7,40000,280000
2023-05-29,Brownies,Kue Kering,3,75000,225000
2023-05-29,Brownies,Kue Kering,6,75000,450000
2023-05-30,Cheese Cake,Cake,7,45000,315000
2023-05-30,Cheese Cake,Cake,2,45000,90000
2023-05-30,Donut,Roti,8,12000,96000
2023-05-30,Donut,Roti,8,12000,96000
2023-05-30,Brownies,Kue Kering,10,75000,750000
2023-05-30,Croissant,Pastry,9,25000,225000
2023-05-31,Bika Ambon,Kue Basah,3,40000,120000
2023-05-31,Macaron,Kue Kering,4,15000,60000
2023-05-31,Brownies,Kue Kering,4,75000,300000
2023-05-31,Brownies,Kue Kering,8,75000,600000
2023-05-31,Croissant,Pastry,8,25000,200000
2023-05-31,Bika Ambon,Kue Basah,1,40000,40000
2023-06-01,Donut,Roti,8,12000,96000
2023-06-01,Brownies,Kue Kering,7,75000,525000
2023-06-01,Cheese Cake,Cake,2,45000,90000
2023-06-01,Cheese Cake,Cake,8,45000,360000
2023-06-02,Bika Ambon,Kue Basah,2,40000,80000
2023-06-02,Donut,Roti,7,12000,84000
2023-06-02,Donut,Roti,3,12000,36000
2023-06-02,Lapis Legit,Kue Basah,2,55000,110000
2023-06-02,Bika Ambon,Kue Basah,1,40000,40000
2023-06-02,Cheese Cake,Cake,2,45000,90000
2023-06-03,Macaron,Kue Kering,2,15000,30000
2023-06-03,Lapis Legit,Kue Basah,3,55000,165000
2023-06-03,Brownies,Kue Kering,7,75000,525000
2023-06-03,Macaron,Kue Kering,8,15000,120000
2023-06-04,Cheese Cake,Cake,1,45000,45000
2023-06-04,Donut,Roti,8,12000,96000
2023-06-04,Lapis Legit,Kue Basah,7,55000,385000
2023-06-04,Croissant,Pastry,4,25000,100000
2023-06-04,Croissant,Pastry,9,25000,225000
2023-06-04,Macaron,Kue Kering,9,15000,135000
2023-06-04,Brownies,Kue Kering,1,75000,75000
2023-06-05,Donut,Roti,6,12000,72000
2023-06-05,Croissant,Pastry,3,25000,75000
2023-06-06,Bika Ambon,Kue Basah,8,40000,320000
2023-06-07,Cheese Cake,Cake,3,45000,135000
2023-06-07,Croissant,Pastry,6,25000,150000
2023-06-08,Brownies,Kue Kering,1,75000,75000
2023-06-08,Macaron,Kue Kering,5,15000,75000
2023-06-08,Brownies,Kue Kering,1,75000,75000
2023-06-08,Macaron,Kue Kering,7,15000,105000
2023-06-08,Donut,Roti,5,12000,60000
2023-06-08,Bika Ambon,Kue Basah,1,40000,40000
2023-06-08,Croissant,Pastry,1,25000,25000
2023-06-09,Lapis Legit,Kue Basah,7,55000,385000
2023-06-09,Cheese Cake,Cake,4,45000,180000
2023-06-09,Lapis Legit,Kue Basah,5,55000,275000
2023-06-09,Macaron,Kue Kering,5,15000,75000
2023-06-09,Bika Ambon,Kue Basah,4,40000,160000
2023-06-10,Bika Ambon,Kue Basah,2,40000,80000
2023-06-10,Bika Ambon,Kue Basah,4,40000,160000
2023-06-10,Cheese Cake,Cake,2,45000,90000
2023-06-10,Lapis Legit,Kue Basah,9,55000,495000
2023-06-10,Bika Ambon,Kue Basah,3,40000,120000
2023-06-10,Lapis Legit,Kue Basah,7,55000,385000
2023-06-10,Bika Ambon,Kue Basah,3,40000,120000
2023-06-10,Croissant,Pastry,5,25000,125000
2023-06-10,Brownies,Kue Kering,1,75000,75000
2023-06-11,Lapis Legit,Kue Basah,5,55000,275000
2023-06-11,Bika Ambon,Kue Basah,8,40000,320000
2023-06-11,Brownies,Kue Kering,5,75000,375000
2023-06-12,Croissant,Pastry,7,25000,175000
2023-06-12,Croissant,Pastry,5,25000,125000
2023-06-12,Macaron,Kue Kering,6,15000,90000
2023-06-12,Cheese Cake,Cake,5,45000,225000
2023-06-12,Cheese Cake,Cake,3,45000,135000
2023-06-13,Bika Ambon,Kue Basah,5,40000,200000
2023-06-13,Lapis Legit,Kue Basah,2,55000,110000
2023-06-13,Cheese Cake,Cake,8,45000,360000
2023-06-13,Bika Ambon,Kue Basah,2,40000,80000
2023-06-13,Brownies,Kue Kering,5,75000,375000
2023-06-14,Croissant,Pastry,10,25000,250000
2023-06-14,Croissant,Pastry,5,25000,125000
2023-06-14,Macaron,Kue Kering,1,15000,15000
2023-06-14,Macaron,Kue Kering,3,15000,45000
2023-06-15,Lapis Legit,Kue Basah,10,55000,550000
2023-06-15,Macaron,Kue Kering,7,15000,105000
2023-06-15,Cheese Cake,Cake,1,45000,45000
2023-06-15,Macaron,Kue Kering,4,15000,60000
2023-06-15,Brownies,Kue Kering,6,75000,450000
2023-06-16,Lapis Legit,Kue Basah,8,55000,440000
2023-06-16,Croissant,Pastry,1,25000,25000
2023-06-16,Brownies,Kue Kering,2,75000,150000
2023-06-16,Brownies,Kue Kering,2,75000,150000
2023-06-16,Brownies,Kue Kering,5,75000,375000
2023-06-17,Lapis Legit,Kue Basah,6,55000,330000
2023-06-17,Cheese Cake,Cake,8,45000,360000
2023-06-17,Croissant,Pastry,4,25000,100000
2023-06-18,Bika Ambon,Kue Basah,4,40000,160000
2023-06-19,Brownies,Kue Kering,6,75000,450000
2023-06-19,Macaron,Kue Kering,9,15000,135000
2023-06-19,Croissant,Pastry,2,25000,50000
2023-06-19,Macaron,Kue Kering,3,15000,45000
2023-06-20,Cheese Cake,Cake,1,45000,45000
2023-06-20,Cheese Cake,Cake,7,45000,315000
2023-06-20,Macaron,Kue Kering,7,15000,105000
2023-06-20,Brownies,Kue Kering,2,75000,150000
2023-06-21,Bika Ambon,Kue Basah,9,40000,360000
2023-06-21,Cheese Cake,Cake,8,45000,360000
2023-06-21,Brownies,Kue Kering,5,75000,375000
2023-06-21,Croissant,Pastry,7,25000,175000
2023-06-21,Brownies,Kue Kering,9,75000,675000
2023-06-21,Donut,Roti,8,12000,96000
2023-06-21,Brownies,Kue Kering,2,75000,150000
2023-06-22,Lapis Legit,Kue Basah,3,55000,165000
2023-06-22,Lapis Legit,Kue Basah,2,55000,110000
2023-06-22,Lapis Legit,Kue Basah,9,55000,495000
2023-06-22,Lapis Legit,Kue Basah,1,55000,55000
2023-06-22,Cheese Cake,Cake,6,45000,270000
2023-06-22,Bika Ambon,Kue Basah,8,40000,320000
2023-06-23,Bika Ambon,Kue Basah,9,40000,360000
2023-06-23,Cheese Cake,Cake,3,45000,135000
2023-06-23,Macaron,Kue Kering,1,15000,15000
2023-06-23,Croissant,Pastry,5,25000,125000
2023-06-23,Brownies,Kue Kering,1,75000,75000
2023-06-24,Bika Ambon,Kue Basah,3,40000,120000
2023-06-24,Cheese Cake,Cake,9,45000,405000
2023-06-24,Croissant,Pastry,4,25000,100000
2023-06-24,Brownies,Kue Kering,5,75000,375000
2023-06-24,Lapis Legit,Kue Basah,7,55000,385000
2023-06-24,Macaron,Kue Kering,4,15000,60000
2023-06-24,Lapis Legit,Kue Basah,10,55000,550000
2023-06-24,Brownies,Kue Kering,5,75000,375000
2023-06-25,Donut,Roti,9,12000,108000
2023-06-25,Croissant,Pastry,10,25000,250000
2023-06-25,Brownies,Kue Kering,4,75000,300000
2023-06-25,Donut,Roti,8,12000,96000
2023-06-25,Croissant,Pastry,5,25000,125000
2023-06-25,Donut,Roti,5,12000,60000
2023-06-25,Croissant,Pastry,6,25000,150000
2023-06-25,Lapis Legit,Kue Basah,2,55000,110000
2023-06-25,Croissant,Pastry,5,25000,125000
2023-06-26,Bika Ambon,Kue Basah,6,40000,240000
2023-06-26,Macaron,Kue Kering,3,15000,45000
2023-06-26,Donut,Roti,10,12000,120000
2023-06-26,Croissant,Pastry,3,25000,75000
2023-06-27,Macaron,Kue Kering,6,15000,90000
2023-06-27,Donut,Roti,7,12000,84000
2023-06-27,Macaron,Kue Kering,5,15000,75000
2023-06-28,Brownies,Kue Kering,2,75000,150000
2023-06-28,Bika Ambon,Kue Basah,9,40000,360000
2023-06-28,Croissant,Pastry,8,25000,200000
2023-06-28,Cheese Cake,Cake,6,45000,270000
2023-06-28,Cheese Cake,Cake,10,45000,450000
2023-06-28,Brownies,Kue Kering,8,75000,600000
2023-06-29,Donut,Roti,2,12000,24000
2023-06-29,Bika Ambon,Kue Basah,6,40000,240000
2023-06-29,Macaron,Kue Kering,6,15000,90000
2023-06-29,Macaron,Kue Kering,10,15000,150000
2023-06-30,Cheese Cake,Cake,1,45000,45000
2023-06-30,Brownies,Kue Kering,2,75000,150000
2023-06-30,Bika Ambon,Kue Basah,10,40000,400000
2023-07-01,Bika Ambon,Kue Basah,7,40000,280000
2023-07-01,Bika Ambon,Kue Basah,3,40000,120000
2023-07-01,Croissant,Pastry,6,25000,150000
2023-07-01,Cheese Cake,Cake,10,45000,450000
2023-07-01,Cheese Cake,Cake,1,45000,45000
2023-07-01,Lapis Legit,Kue Basah,6,55000,330000
2023-07-01,Lapis Legit,Kue Basah,9,55000,495000
2023-07-01,Donut,Roti,2,12000,24000
2023-07-02,Croissant,Pastry,5,25000,125000
2023-07-03,Lapis Legit,Kue Basah,5,55000,275000
2023-07-03,Bika Ambon,Kue Basah,10,40000,400000
2023-07-03,Bika Ambon,Kue Basah,8,40000,320000
2023-07-03,Croissant,Pastry,10,25000,250000
2023-07-03,Brownies,Kue Kering,10,75000,750000
2023-07-03,Lapis Legit,Kue Basah,7,55000,385000
2023-07-04,Croissant,Pastry,8,25000,200000
2023-07-04,Brownies,Kue Kering,9,75000,675000
2023-07-05,Brownies,Kue Kering,7,75000,525000
2023-07-05,Bika Ambon,Kue Basah,7,40000,280000
2023-07-05,Croissant,Pastry,5,25000,125000
2023-07-05,Bika Ambon,Kue Basah,1,40000,40000
2023-07-05,Macaron,Kue Kering,4,15000,60000
2023-07-06,Donut,Roti,6,12000,72000
2023-07-06,Lapis Legit,Kue Basah,7,55000,385000
2023-07-06,Croissant,Pastry,8,25000,200000
2023-07-06,Donut,Roti,5,12000,60000
2023-07-06,Cheese Cake,Cake,4,45000,180000
2023-07-06,Brownies,Kue Kering,3,75000,225000
2023-07-06,Brownies,Kue Kering,4,75000,300000
2023-07-07,Croissant,Pastry,4,25000,100000
2023-07-07,Bika Ambon,Kue Basah,7,40000,280000
2023-07-07,Cheese Cake,Cake,1,45000,45000
2023-07-08,Macaron,Kue Kering,9,15000,135000
2023-07-08,Bika Ambon,Kue Basah,2,40000,80000
2023-07-08,Cheese Cake,Cake,7,45000,315000
2023-07-08,Croissant,Pastry,3,25000,75000
2023-07-08,Macaron,Kue Kering,6,15000,90000
2023-07-08,Croissant,Pastry,1,25000,25000
2023-07-08,Croissant,Pastry,4,25000,100000
2023-07-08,Croissant,Pastry,7,25000,175000
2023-07-09,Croissant,Pastry,8,25000,200000
2023-07-09,Croissant,Pastry,3,25000,75000
2023-07-09,Croissant,Pastry,8,25000,200000
2023-07-09,Cheese Cake,Cake,8,45000,360000
2023-07-09,Donut,Roti,7,12000,84000
2023-07-10,Lapis Legit,Kue Basah,3,55000,165000
2023-07-10,Brownies,Kue Kering,7,75000,525000
2023-07-10,Lapis Legit,Kue Basah,10,55000,550000
2023-07-10,Macaron,Kue Kering,4,15000,60000
2023-07-10,Donut,Roti,4,12000,48000
2023-07-11,Macaron,Kue Kering,2,15000,30000
2023-07-11,Bika Ambon,Kue Basah,2,40000,80000
2023-07-11,Macaron,Kue Kering,1,15000,15000
2023-07-11,Lapis Legit,Kue Basah,3,55000,165000
2023-07-11,Donut,Roti,2,12000,24000
2023-07-11,Croissant,Pastry,8,25000,200000
2023-07-11,Donut,Roti,3,12000,36000
2023-07-11,Brownies,Kue Kering,6,75000,450000
2023-07-11,Brownies,Kue Kering,7,75000,525000
2023-07-11,Macaron,Kue Kering,3,15000,45000
2023-07-11,Croissant,Pastry,3,25000,75000
2023-07-12,Bika Ambon,Kue Basah,4,40000,160000
2023-07-12,Donut,Roti,8,12000,96000
2023-07-12,Croissant,Pastry,8,25000,200000
2023-07-12,Croissant,Pastry,8,25000,200000
2023-07-12,Croissant,Pastry,9,25000,225000
2023-07-13,Lapis Legit,Kue Basah,2,55000,110000
2023-07-13,Cheese Cake,Cake,5,45000,225000
2023-07-13,Croissant,Pastry,8,25000,200000
2023-07-13,Bika Ambon,Kue Basah,5,40000,200000
2023-07-13,Cheese Cake,Cake,10,45000,450000
2023-07-13,Croissant,Pastry,7,25000,175000
2023-07-13,Bika Ambon,Kue Basah,8,40000,320000
2023-07-14,Croissant,Pastry,9,25000,225000
2023-07-14,Croissant,Pastry,5,25000,125000
2023-07-14,Brownies,Kue Kering,8,75000,600000
2023-07-14,Macaron,Kue Kering,10,15000,150000
2023-07-14,Bika Ambon,Kue Basah,3,40000,120000
2023-07-15,Donut,Roti,3,12000,36000
2023-07-15,Croissant,Pastry,3,25000,75000
2023-07-15,Donut,Roti,5,12000,60000
2023-07-15,Lapis Legit,Kue Basah,7,55000,385000
2023-07-16,Cheese Cake,Cake,10,45000,450000
2023-07-16,Croissant,Pastry,7,25000,175000
2023-07-16,Cheese Cake,Cake,6,45000,270000
2023-07-16,Macaron,Kue Kering,3,15000,45000
2023-07-16,Donut,Roti,6,12000,72000
2023-07-17,Cheese Cake,Cake,8,45000,360000
2023-07-17,Cheese Cake,Cake,5,45000,225000
2023-07-17,Croissant,Pastry,2,25000,50000
2023-07-17,Croissant,Pastry,1,25000,25000
2023-07-17,Bika Ambon,Kue Basah,3,40000,120000
2023-07-17,Lapis Legit,Kue Basah,10,55000,550000
2023-07-17,Donut,Roti,8,12000,96000
2023-07-18,Donut,Roti,3,12000,36000
2023-07-18,Macaron,Kue Kering,9,15000,135000
2023-07-18,Donut,Roti,8,12000,96000
2023-07-18,Macaron,Kue Kering,6,15000,90000
2023-07-18,Brownies,Kue Kering,1,75000,75000
2023-07-19,Croissant,Pastry,8,25000,200000
2023-07-19,Macaron,Kue Kering,10,15000,150000
2023-07-19,Bika Ambon,Kue Basah,7,40000,280000
2023-07-19,Croissant,Pastry,4,25000,100000
2023-07-19,Macaron,Kue Kering,9,15000,135000
2023-07-20,Macaron,Kue Kering,9,15000,135000
2023-07-20,Lapis Legit,Kue Basah,9,55000,495000
2023-07-20,Cheese Cake,Cake,8,45000,360000
2023-07-20,Macaron,Kue Kering,9,15000,135000
2023-07-20,Macaron,Kue Kering,5,15000,75000
2023-07-20,Brownies,Kue Kering,10,75000,750000
2023-07-21,Donut,Roti,4,12000,48000
2023-07-21,Bika Ambon,Kue Basah,10,40000,400000
2023-07-22,Bika Ambon,Kue Basah,1,40000,40000
2023-07-22,Brownies,Kue Kering,9,75000,675000
2023-07-22,Cheese Cake,Cake,7,45000,315000
2023-07-22,Cheese Cake,Cake,3,45000,135000
2023-07-22,Macaron,Kue Kering,6,15000,90000
2023-07-22,Bika Ambon,Kue Basah,4,40000,160000
2023-07-22,Donut,Roti,1,12000,12000
2023-07-23,Donut,Roti,10,12000,120000
2023-07-23,Cheese Cake,Cake,5,45000,225000
2023-07-23,Donut,Roti,10,12000,120000
2023-07-23,Bika Ambon,Kue Basah,1,40000,40000
2023-07-24,Lapis Legit,Kue Basah,2,55000,110000
2023-07-24,Cheese Cake,Cake,6,45000,270000
2023-07-24,Macaron,Kue Kering,3,15000,45000
2023-07-24,Brownies,Kue Kering,10,75000,750000
2023-07-24,Macaron,Kue Kering,9,15000,135000
2023-07-24,Donut,Roti,9,12000,108000
2023-07-24,Brownies,Kue Kering,10,75000,750000
2023-07-24,Lapis Legit,Kue Basah,10,55000,550000
2023-07-24,Macaron,Kue Kering,8,15000,120000
2023-07-24,Croissant,Pastry,10,25000,250000
2023-07-24,Bika Ambon,Kue Basah,1,40000,40000
2023-07-25,Bika Ambon,Kue Basah,5,40000,200000
2023-07-25,Donut,Roti,10,12000,120000
2023-07-25,Cheese Cake,Cake,2,45000,90000
2023-07-25,Lapis Legit,Kue Basah,5,55000,275000
2023-07-25,Lapis Legit,Kue Basah,6,55000,330000
2023-07-25,Macaron,Kue Kering,1,15000,15000
2023-07-25,Croissant,Pastry,1,25000,25000
2023-07-25,Brownies,Kue Kering,10,75000,750000
2023-07-26,Lapis Legit,Kue Basah,8,55000,440000
2023-07-26,Cheese Cake,Cake,2,45000,90000
2023-07-26,Cheese Cake,Cake,6,45000,270000
2023-07-26,Cheese Cake,Cake,1,45000,45000
2023-07-26,Donut,Roti,5,12000,60000
2023-07-27,Donut,Roti,7,12000,84000
2023-07-27,Cheese Cake,Cake,8,45000,360000
2023-07-27,Brownies,Kue Kering,9,75000,675000
2023-07-27,Cheese Cake,Cake,3,45000,135000
2023-07-28,Bika Ambon,Kue Basah,8,40000,320000
2023-07-28,Bika Ambon,Kue Basah,8,40000,320000
2023-07-28,Lapis Legit,Kue Basah,1,55000,55000
2023-07-28,Brownies,Kue Kering,8,75000,600000
2023-07-29,Cheese Cake,Cake,4,45000,180000
2023-07-29,Cheese Cake,Cake,1,45000,45000
2023-07-29,Croissant,Pastry,3,25000,75000
2023-07-29,Bika Ambon,Kue Basah,9,40000,360000
2023-07-29,Macaron,Kue Kering,10,15000,150000
2023-07-29,Brownies,Kue Kering,4,75000,300000
2023-07-29,Bika Ambon,Kue Basah,3,40000,120000
2023-07-29,Lapis Legit,Kue Basah,3,55000,165000
2023-07-29,Brownies,Kue Kering,7,75000,525000
2023-07-29,Croissant,Pastry,10,25000,250000
2023-07-30,Croissant,Pastry,3,25000,75000
2023-07-30,Cheese Cake,Cake,5,45000,225000
2023-07-30,Lapis Legit,Kue Basah,10,55000,550000
2023-07-30,Donut,Roti,7,12000,84000
2023-07-30,Cheese Cake,Cake,9,45000,405000
2023-07-31,Croissant,Pastry,6,25000,150000
2023-07-31,Croissant,Pastry,1,25000,25000
2023-07-31,Macaron,Kue Kering,8,15000,120000
2023-07-31,Croissant,Pastry,6,25000,150000
2023-07-31,Brownies,Kue Kering,4,75000,300000
2023-07-31,Croissant,Pastry,10,25000,250000
2023-07-31,Lapis Legit,Kue Basah,6,55000,330000
2023-08-01,Brownies,Kue Kering,7,75000,525000
2023-08-01,Bika Ambon,Kue Basah,8,40000,320000
2023-08-01,Macaron,Kue Kering,3,15000,45000
2023-08-01,Brownies,Kue Kering,10,75000,750000
2023-08-01,Croissant,Pastry,8,25000,200000
2023-08-02,Croissant,Pastry,5,25000,125000
2023-08-02,Donut,Roti,10,12000,120000
2023-08-02,Bika Ambon,Kue Basah,7,40000,280000
2023-08-02,Donut,Roti,5,12000,60000
2023-08-02,Bika Ambon,Kue Basah,1,40000,40000
2023-08-02,Croissant,Pastry,5,25000,125000
2023-08-02,Cheese Cake,Cake,1,45000,45000
2023-08-03,Bika Ambon,Kue Basah,3,40000,120000
2023-08-03,Croissant,Pastry,8,25000,200000
2023-08-03,Cheese Cake,Cake,6,45000,270000
2023-08-04,Donut,Roti,6,12000,72000
2023-08-04,Donut,Roti,7,12000,84000
2023-08-04,Bika Ambon,Kue Basah,9,40000,360000
2023-08-04,Macaron,Kue Kering,5,15000,75000
2023-08-04,Donut,Roti,5,12000,60000
2023-08-04,Brownies,Kue Kering,8,75000,600000
2023-08-04,Macaron,Kue Kering,2,15000,30000
2023-08-05,Lapis Legit,Kue Basah,6,55000,330000
2023-08-05,Cheese Cake,Cake,7,45000,315000
2023-08-05,Donut,Roti,1,12000,12000
2023-08-05,Donut,Roti,10,12000,120000
2023-08-05,Cheese Cake,Cake,10,45000,450000
2023-08-05,Cheese Cake,Cake,2,45000,90000
2023-08-05,Macaron,Kue Kering,5,15000,75000
2023-08-06,Cheese Cake,Cake,10,45000,450000
2023-08-06,Bika Ambon,Kue Basah,7,40000,280000
2023-08-06,Lapis Legit,Kue Basah,10,55000,550000
2023-08-06,Donut,Roti,4,12000,48000
2023-08-06,Brownies,Kue Kering,10,75000,750000
2023-08-06,Donut,Roti,7,12000,84000
2023-08-07,Croissant,Pastry,7,25000,175000
2023-08-07,Lapis Legit,Kue Basah,4,55000,220000
2023-08-07,Bika Ambon,Kue Basah,10,40000,400000
2023-08-07,Donut,Roti,7,12000,84000
2023-08-08,Cheese Cake,Cake,8,45000,360000
2023-08-08,Lapis Legit,Kue Basah,3,55000,165000
2023-08-08,Bika Ambon,Kue Basah,3,40000,120000
2023-08-08,Croissant,Pastry,3,25000,75000
2023-08-08,Croissant,Pastry,8,25000,200000
2023-08-09,Croissant,Pastry,9,25000,225000
2023-08-09,Bika Ambon,Kue Basah,5,40000,200000
2023-08-09,Bika Ambon,Kue Basah,6,40000,240000
2023-08-09,Bika Ambon,Kue Basah,3,40000,120000
2023-08-09,Bika Ambon,Kue Basah,10,40000,400000
2023-08-09,Bika Ambon,Kue Basah,7,40000,280000
2023-08-09,Lapis Legit,Kue Basah,1,55000,55000
2023-08-09,Cheese Cake,Cake,3,45000,135000
2023-08-10,Brownies,Kue Kering,10,75000,750000
2023-08-10,Lapis Legit,Kue Basah,6,55000,330000
2023-08-10,Brownies,Kue Kering,7,75000,525000
2023-08-10,Bika Ambon,Kue Basah,9,40000,360000
2023-08-10,Donut,Roti,9,12000,108000
2023-08-11,Brownies,Kue Kering,8,75000,600000
2023-08-11,Lapis Legit,Kue Basah,6,55000,330000
2023-08-11,Macaron,Kue Kering,10,15000,150000
2023-08-11,Donut,Roti,2,12000,24000
2023-08-11,Brownies,Kue Kering,5,75000,375000
2023-08-11,Lapis Legit,Kue Basah,4,55000,220000
2023-08-11,Donut,Roti,8,12000,96000
2023-08-11,Brownies,Kue Kering,9,75000,675000
2023-08-12,Lapis Legit,Kue Basah,2,55000,110000
2023-08-12,Cheese Cake,Cake,9,45000,405000
2023-08-12,Donut,Roti,3,12000,36000
2023-08-13,Brownies,Kue Kering,9,75000,675000
2023-08-13,Bika Ambon,Kue Basah,9,40000,360000
2023-08-13,Bika Ambon,Kue Basah,10,40000,400000
2023-08-13,Brownies,Kue Kering,5,75000,375000
2023-08-13,Croissant,Pastry,7,25000,175000
2023-08-14,Lapis Legit,Kue Basah,4,55000,220000
2023-08-14,Cheese Cake,Cake,2,45000,90000
2023-08-14,Macaron,Kue Kering,3,15000,45000
2023-08-14,Bika Ambon,Kue Basah,3,40000,120000
2023-08-14,Macaron,Kue Kering,1,15000,15000
2023-08-14,Cheese Cake,Cake,5,45000,225000
2023-08-15,Lapis Legit,Kue Basah,6,55000,330000
2023-08-15,Donut,Roti,1,12000,12000
2023-08-15,Macaron,Kue Kering,10,15000,150000
2023-08-15,Brownies,Kue Kering,5,75000,375000
2023-08-15,Lapis Legit,Kue Basah,10,55000,550000
2023-08-16,Macaron,Kue Kering,7,15000,105000
2023-08-16,Donut,Roti,7,12000,84000
2023-08-16,Lapis Legit,Kue Basah,5,55000,275000
2023-08-16,Lapis Legit,Kue Basah,5,55000,275000
2023-08-16,Lapis Legit,Kue Basah,5,55000,275000
2023-08-17,Macaron,Kue Kering,5,15000,75000
2023-08-17,Bika Ambon,Kue Basah,7,40000,280000
2023-08-18,Donut,Roti,8,12000,96000
2023-08-18,Cheese Cake,Cake,7,45000,315000
2023-08-18,Lapis Legit,Kue Basah,2,55000,110000
2023-08-18,Bika Ambon,Kue Basah,4,40000,160000
2023-08-18,Bika Ambon,Kue Basah,7,40000,280000
2023-08-19,Donut,Roti,10,12000,120000
2023-08-19,Donut,Roti,4,12000,48000
2023-08-19,Macaron,Kue Kering,6,15000,90000
2023-08-20,Donut,Roti,8,12000,96000
2023-08-20,Lapis Legit,Kue Basah,5,55000,275000
2023-08-20,Donut,Roti,5,12000,60000
2023-08-21,Croissant,Pastry,7,25000,175000
2023-08-21,Cheese Cake,Cake,9,45000,405000
2023-08-21,Donut,Roti,8,12000,96000
2023-08-21,Cheese Cake,Cake,3,45000,135000
2023-08-21,Macaron,Kue Kering,8,15000,120000
2023-08-21,Macaron,Kue Kering,1,15000,15000
2023-08-21,Bika Ambon,Kue Basah,10,40000,400000
2023-08-21,Brownies,Kue Kering,9,75000,675000
2023-08-22,Donut,Roti,1,12000,12000
2023-08-22,Brownies,Kue Kering,2,75000,150000
2023-08-22,Brownies,Kue Kering,5,75000,375000
2023-08-23,Bika Ambon,Kue Basah,8,40000,320000
2023-08-23,Bika Ambon,Kue Basah,1,40000,40000
2023-08-23,Croissant,Pastry,1,25000,25000
2023-08-23,Lapis Legit,Kue Basah,2,55000,110000
2023-08-23,Brownies,Kue Kering,10,75000,750000
2023-08-24,Lapis Legit,Kue Basah,7,55000,385000
2023-08-24,Macaron,Kue Kering,2,15000,30000
2023-08-24,Lapis Legit,Kue Basah,7,55000,385000
2023-08-24,Donut,Roti,2,12000,24000
2023-08-24,Brownies,Kue Kering,1,75000,75000
2023-08-24,Croissant,Pastry,1,25000,25000
2023-08-24,Donut,Roti,7,12000,84000
2023-08-25,Macaron,Kue Kering,4,15000,60000
2023-08-25,Cheese Cake,Cake,6,45000,270000
2023-08-25,Bika Ambon,Kue Basah,10,40000,400000
2023-08-25,Croissant,Pastry,5,25000,125000
2023-08-26,Lapis Legit,Kue Basah,1,55000,55000
2023-08-26,Brownies,Kue Kering,10,75000,750000
2023-08-26,Brownies,Kue Kering,3,75000,225000
2023-08-26,Croissant,Pastry,4,25000,100000
2023-08-26,Cheese Cake,Cake,6,45000,270000
2023-08-26,Donut,Roti,6,12000,72000
2023-08-27,Lapis Legit,Kue Basah,5,55000,275000
2023-08-27,Lapis Legit,Kue Basah,7,55000,385000
2023-08-27,Lapis Legit,Kue Basah,8,55000,440000
2023-08-27,Macaron,Kue Kering,3,15000,45000
2023-08-27,Lapis Legit,Kue Basah,6,55000,330000
2023-08-27,Macaron,Kue Kering,2,15000,30000
2023-08-28,Lapis Legit,Kue Basah,3,55000,165000
2023-08-28,Bika Ambon,Kue Basah,10,40000,400000
2023-08-28,Lapis Legit,Kue Basah,10,55000,550000
2023-08-28,Macaron,Kue Kering,3,15000,45000
2023-08-28,Macaron,Kue Kering,8,15000,120000
2023-08-28,Macaron,Kue Kering,7,15000,105000
2023-08-29,Brownies,Kue Kering,5,75000,375000
2023-08-29,Bika Ambon,Kue Basah,3,40000,120000
2023-08-29,Donut,Roti,4,12000,48000
2023-08-29,Macaron,Kue Kering,5,15000,75000
2023-08-30,Croissant,Pastry,8,25000,200000
2023-08-30,Croissant,Pastry,9,25000,225000
2023-08-30,Croissant,Pastry,10,25000,250000
2023-08-30,Macaron,Kue Kering,8,15000,120000
2023-08-30,Bika Ambon,Kue Basah,4,40000,160000
2023-08-30,Donut,Roti,10,12000,120000
2023-08-30,Bika Ambon,Kue Basah,1,40000,40000
2023-08-31,Bika Ambon,Kue Basah,3,40000,120000
2023-08-31,Donut,Roti,10,12000,120000
2023-08-31,Donut,Roti,6,12000,72000
2023-09-01,Lapis Legit,Kue Basah,8,55000,440000
2023-09-01,Cheese Cake,Cake,3,45000,135000
2023-09-01,Lapis Legit,Kue Basah,2,55000,110000
2023-09-01,Cheese Cake,Cake,4,45000,180000
2023-09-01,Donut,Roti,7,12000,84000
2023-09-01,Lapis Legit,Kue Basah,9,55000,495000
2023-09-02,Croissant,Pastry,5,25000,125000
2023-09-02,Macaron,Kue Kering,9,15000,135000
2023-09-02,Donut,Roti,1,12000,12000
2023-09-02,Donut,Roti,8,12000,96000
2023-09-03,Croissant,Pastry,3,25000,75000
2023-09-03,Brownies,Kue Kering,10,75000,750000
2023-09-03,Lapis Legit,Kue Basah,4,55000,220000
2023-09-04,Bika Ambon,Kue Basah,4,40000,160000
2023-09-04,Brownies,Kue Kering,3,75000,225000
2023-09-04,Bika Ambon,Kue Basah,2,40000,80000
2023-09-04,Macaron,Kue Kering,5,15000,75000
2023-09-05,Croissant,Pastry,9,25000,225000
2023-09-05,Croissant,Pastry,9,25000,225000
2023-09-05,Lapis Legit,Kue Basah,1,55000,55000
2023-09-05,Macaron,Kue Kering,10,15000,150000
2023-09-05,Cheese Cake,Cake,8,45000,360000
2023-09-06,Donut,Roti,10,12000,120000
2023-09-06,Lapis Legit,Kue Basah,8,55000,440000
2023-09-06,Donut,Roti,3,12000,36000
2023-09-06,Croissant,Pastry,6,25000,150000
2023-09-06,Donut,Roti,8,12000,96000
2023-09-06,Macaron,Kue Kering,2,15000,30000
2023-09-06,Donut,Roti,2,12000,24000
2023-09-06,Cheese Cake,Cake,4,45000,180000
2023-09-07,Cheese Cake,Cake,5,45000,225000
2023-09-07,Brownies,Kue Kering,4,75000,300000
2023-09-07,Croissant,Pastry,5,25000,125000
2023-09-08,Lapis Legit,Kue Basah,7,55000,385000
2023-09-08,Bika Ambon,Kue Basah,4,40000,160000
2023-09-09,Brownies,Kue Kering,9,75000,675000
2023-09-09,Brownies,Kue Kering,7,75000,525000
2023-09-09,Cheese Cake,Cake,1,45000,45000
2023-09-10,Macaron,Kue Kering,3,15000,45000
2023-09-10,Cheese Cake,Cake,10,45000,450000
2023-09-10,Lapis Legit,Kue Basah,4,55000,220000
2023-09-10,Cheese Cake,Cake,10,45000,450000
2023-09-11,Brownies,Kue Kering,4,75000,300000
2023-09-11,Bika Ambon,Kue Basah,4,40000,160000
2023-09-11,Macaron,Kue Kering,8,15000,120000
2023-09-11,Brownies,Kue Kering,5,75000,375000
2023-09-12,Lapis Legit,Kue Basah,6,55000,330000
2023-09-12,Donut,Roti,8,12000,96000
2023-09-12,Croissant,Pastry,7,25000,175000
2023-09-12,Brownies,Kue Kering,1,75000,75000
2023-09-12,Macaron,Kue Kering,7,15000,105000
2023-09-12,Donut,Roti,6,12000,72000
2023-09-12,Macaron,Kue Kering,6,15000,90000
2023-09-12,Bika Ambon,Kue Basah,6,40000,240000
2023-09-12,Donut,Roti,5,12000,60000
2023-09-12,Cheese Cake,Cake,7,45000,315000
2023-09-12,Donut,Roti,2,12000,24000
2023-09-13,Lapis Legit,Kue Basah,3,55000,165000
2023-09-13,Donut,Roti,5,12000,60000
2023-09-13,Croissant,Pastry,10,25000,250000
2023-09-13,Donut,Roti,7,12000,84000
2023-09-14,Lapis Legit,Kue Basah,6,55000,330000
2023-09-14,Macaron,Kue Kering,4,15000,60000
2023-09-14,Brownies,Kue Kering,6,75000,450000
2023-09-14,Cheese Cake,Cake,4,45000,180000
2023-09-14,Croissant,Pastry,8,25000,200000
2023-09-14,Croissant,Pastry,7,25000,175000
2023-09-14,Cheese Cake,Cake,6,45000,270000
2023-09-14,Brownies,Kue Kering,9,75000,675000
2023-09-15,Lapis Legit,Kue Basah,1,55000,55000
2023-09-15,Bika Ambon,Kue Basah,1,40000,40000
2023-09-15,Brownies,Kue Kering,6,75000,450000
2023-09-15,Croissant,Pastry,9,25000,225000
2023-09-15,Macaron,Kue Kering,7,15000,105000
2023-09-15,Lapis Legit,Kue Basah,9,55000,495000
2023-09-16,Brownies,Kue Kering,10,75000,750000
2023-09-16,Macaron,Kue Kering,4,15000,60000
2023-09-16,Macaron,Kue Kering,3,15000,45000
2023-09-17,Bika Ambon,Kue Basah,3,40000,120000
2023-09-17,Macaron,Kue Kering,10,15000,150000
2023-09-17,Croissant,Pastry,3,25000,75000
2023-09-18,Donut,Roti,2,12000,24000
2023-09-18,Lapis Legit,Kue Basah,6,55000,330000
2023-09-19,Donut,Roti,1,12000,12000
2023-09-19,Bika Ambon,Kue Basah,8,40000,320000
2023-09-19,Brownies,Kue Kering,6,75000,450000
2023-09-19,Bika Ambon,Kue Basah,3,40000,120000
2023-09-19,Croissant,Pastry,6,25000,150000
2023-09-20,Donut,Roti,9,12000,108000
2023-09-20,Lapis Legit,Kue Basah,4,55000,220000
2023-09-20,Macaron,Kue Kering,4,15000,60000
2023-09-20,Cheese Cake,Cake,5,45000,225000
2023-09-20,Donut,Roti,5,12000,60000
2023-09-20,Brownies,Kue Kering,4,75000,300000
2023-09-21,Brownies,Kue Kering,5,75000,375000
2023-09-21,Brownies,Kue Kering,6,75000,450000
2023-09-21,Cheese Cake,Cake,7,45000,315000
2023-09-21,Brownies,Kue Kering,1,75000,75000
2023-09-21,Macaron,Kue Kering,9,15000,135000
2023-09-22,Bika Ambon,Kue Basah,2,40000,80000
2023-09-22,Cheese Cake,Cake,9,45000,405000
2023-09-22,Lapis Legit,Kue Basah,7,55000,385000
2023-09-22,Bika Ambon,Kue Basah,1,40000,40000
2023-09-22,Donut,Roti,5,12000,60000
2023-09-22,Cheese Cake,Cake,10,45000,450000
2023-09-22,Cheese Cake,Cake,4,45000,180000
2023-09-22,Brownies,Kue Kering,5,75000,375000
2023-09-22,Cheese Cake,Cake,5,45000,225000
2023-09-23,Croissant,Pastry,6,25000,150000
2023-09-23,Bika Ambon,Kue Basah,4,40000,160000
2023-09-23,Bika Ambon,Kue Basah,10,40000,400000
2023-09-23,Lapis Legit,Kue Basah,2,55000,110000
2023-09-23,Croissant,Pastry,5,25000,125000
2023-09-23,Cheese Cake,Cake,2,45000,90000
2023-09-24,Donut,Roti,4,12000,48000
2023-09-24,Cheese Cake,Cake,4,45000,180000
2023-09-24,Cheese Cake,Cake,5,45000,225000
2023-09-24,Croissant,Pastry,4,25000,100000
2023-09-24,Bika Ambon,Kue Basah,3,40000,120000
2023-09-24,Cheese Cake,Cake,6,45000,270000
2023-09-25,Macaron,Kue Kering,4,15000,60000
2023-09-25,Croissant,Pastry,2,25000,50000
2023-09-25,Lapis Legit,Kue Basah,9,55000,495000
2023-09-25,Lapis Legit,Kue Basah,9,55000,495000
2023-09-26,Macaron,Kue Kering,8,15000,120000
2023-09-26,Macaron,Kue Kering,1,15000,15000
2023-09-26,Croissant,Pastry,6,25000,150000
2023-09-26,Bika Ambon,Kue Basah,7,40000,280000
2023-09-27,Brownies,Kue Kering,6,75000,450000
2023-09-27,Donut,Roti,6,12000,72000
2023-09-27,Brownies,Kue Kering,6,75000,450000
2023-09-27,Donut,Roti,5,12000,60000
2023-09-27,Cheese Cake,Cake,1,45000,45000
2023-09-27,Bika Ambon,Kue Basah,1,40000,40000
2023-09-27,Croissant,Pastry,8,25000,200000
2023-09-27,Lapis Legit,Kue Basah,1,55000,55000
2023-09-27,Croissant,Pastry,9,25000,225000
2023-09-28,Bika Ambon,Kue Basah,5,40000,200000
2023-09-28,Brownies,Kue Kering,2,75000,150000
2023-09-28,Donut,Roti,9,12000,108000
2023-09-29,Macaron,Kue Kering,1,15000,15000
2023-09-29,Bika Ambon,Kue Basah,9,40000,360000
2023-09-29,Donut,Roti,9,12000,108000
2023-09-29,Macaron,Kue Kering,5,15000,75000
2023-09-29,Brownies,Kue Kering,6,75000,450000
2023-09-29,Croissant,Pastry,5,25000,125000
2023-09-29,Brownies,Kue Kering,10,75000,750000
2023-09-29,Lapis Legit,Kue Basah,9,55000,495000
2023-09-29,Bika Ambon,Kue Basah,8,40000,320000
2023-09-29,Macaron,Kue Kering,5,15000,75000
2023-09-29,Donut,Roti,6,12000,72000
2023-09-30,Bika Ambon,Kue Basah,3,40000,120000
2023-09-30,Lapis Legit,Kue Basah,5,55000,275000
2023-09-30,Cheese Cake,Cake,8,45000,360000
2023-09-30,Brownies,Kue Kering,3,75000,225000
2023-09-30,Bika Ambon,Kue Basah,10,40000,400000
2023-09-30,Cheese Cake,Cake,2,45000,90000
2023-09-30,Macaron,Kue Kering,3,15000,45000
2023-09-30,Croissant,Pastry,5,25000,125000
2023-10-01,Croissant,Pastry,1,25000,25000
2023-10-01,Croissant,Pastry,10,25000,250000
2023-10-01,Bika Ambon,Kue Basah,8,40000,320000
2023-10-01,Cheese Cake,Cake,3,45000,135000
2023-10-01,Brownies,Kue Kering,7,75000,525000
2023-10-02,Cheese Cake,Cake,9,45000,405000
2023-10-02,Donut,Roti,7,12000,84000
2023-10-02,Croissant,Pastry,8,25000,200000
2023-10-02,Brownies,Kue Kering,8,75000,600000
2023-10-02,Brownies,Kue Kering,4,75000,300000
2023-10-02,Croissant,Pastry,3,25000,75000
2023-10-02,Croissant,Pastry,4,25000,100000
2023-10-03,Croissant,Pastry,9,25000,225000
2023-10-03,Cheese Cake,Cake,5,45000,225000
2023-10-03,Lapis Legit,Kue Basah,7,55000,385000
2023-10-03,Donut,Roti,1,12000,12000
2023-10-03,Bika Ambon,Kue Basah,1,40000,40000
2023-10-03,Donut,Roti,1,12000,12000
2023-10-03,Lapis Legit,Kue Basah,8,55000,440000
2023-10-03,Cheese Cake,Cake,3,45000,135000
2023-10-04,Croissant,Pastry,4,25000,100000
2023-10-05,Cheese Cake,Cake,8,45000,360000
2023-10-05,Lapis Legit,Kue Basah,10,55000,550000
2023-10-05,Donut,Roti,10,12000,120000
2023-10-05,Brownies,Kue Kering,7,75000,525000
2023-10-05,Cheese Cake,Cake,8,45000,360000
2023-10-05,Macaron,Kue Kering,10,15000,150000
2023-10-06,Croissant,Pastry,1,25000,25000
2023-10-06,Macaron,Kue Kering,10,15000,150000
2023-10-06,Donut,Roti,5,12000,60000
2023-10-06,Macaron,Kue Kering,1,15000,15000
2023-10-06,Brownies,Kue Kering,3,75000,225000
2023-10-06,Croissant,Pastry,1,25000,25000
2023-10-06,Cheese Cake,Cake,4,45000,180000
2023-10-06,Croissant,Pastry,8,25000,200000
2023-10-07,Donut,Roti,3,12000,36000
2023-10-07,Cheese Cake,Cake,8,45000,360000
2023-10-07,Cheese Cake,Cake,1,45000,45000
2023-10-07,Croissant,Pastry,3,25000,75000
2023-10-08,Lapis Legit,Kue Basah,1,55000,55000
2023-10-08,Macaron,Kue Kering,9,15000,135000
2023-10-08,Bika Ambon,Kue Basah,6,40000,240000
2023-10-08,Croissant,Pastry,9,25000,225000
2023-10-08,Macaron,Kue Kering,4,15000,60000
2023-10-08,Donut,Roti,5,12000,60000
2023-10-08,Brownies,Kue Kering,10,75000,750000
2023-10-09,Donut,Roti,6,12000,72000
2023-10-09,Croissant,Pastry,6,25000,150000
2023-10-09,Croissant,Pastry,7,25000,175000
2023-10-09,Croissant,Pastry,1,25000,25000
2023-10-10,Brownies,Kue Kering,5,75000,375000
2023-10-10,Brownies,Kue Kering,6,75000,450000
2023-10-10,Lapis Legit,Kue Basah,6,55000,330000
2023-10-10,Donut,Roti,8,12000,96000
2023-10-10,Cheese Cake,Cake,2,45000,90000
2023-10-11,Bika Ambon,Kue Basah,9,40000,360000
2023-10-11,Brownies,Kue Kering,3,75000,225000
2023-10-11,Croissant,Pastry,3,25000,75000
2023-10-11,Donut,Roti,1,12000,12000
2023-10-11,Donut,Roti,7,12000,84000
2023-10-11,Brownies,Kue Kering,2,75000,150000
2023-10-12,Cheese Cake,Cake,1,45000,45000
2023-10-12,Croissant,Pastry,3,25000,75000
2023-10-12,Brownies,Kue Kering,8,75000,600000
2023-10-13,Lapis Legit,Kue Basah,7,55000,385000
2023-10-13,Croissant,Pastry,3,25000,75000
2023-10-13,Lapis Legit,Kue Basah,10,55000,550000
2023-10-13,Macaron,Kue Kering,6,15000,90000
2023-10-14,Cheese Cake,Cake,3,45000,135000
2023-10-14,Croissant,Pastry,10,25000,250000
2023-10-14,Cheese Cake,Cake,10,45000,450000
2023-10-14,Brownies,Kue Kering,4,75000,300000
2023-10-14,Lapis Legit,Kue Basah,10,55000,550000
2023-10-15,Donut,Roti,5,12000,60000
2023-10-15,Lapis Legit,Kue Basah,9,55000,495000
2023-10-15,Croissant,Pastry,9,25000,225000
2023-10-15,Croissant,Pastry,1,25000,25000
2023-10-15,Brownies,Kue Kering,9,75000,675000
2023-10-16,Cheese Cake,Cake,10,45000,450000
2023-10-16,Lapis Legit,Kue Basah,2,55000,110000
2023-10-16,Brownies,Kue Kering,10,75000,750000
2023-10-16,Lapis Legit,Kue Basah,9,55000,495000
2023-10-16,Brownies,Kue Kering,10,75000,750000
2023-10-16,Bika Ambon,Kue Basah,3,40000,120000
2023-10-17,Macaron,Kue Kering,3,15000,45000
2023-10-17,Donut,Roti,5,12000,60000
2023-10-17,Croissant,Pastry,10,25000,250000
2023-10-17,Lapis Legit,Kue Basah,7,55000,385000
2023-10-17,Croissant,Pastry,7,25000,175000
2023-10-17,Donut,Roti,9,12000,108000
2023-10-18,Macaron,Kue Kering,3,15000,45000
2023-10-18,Croissant,Pastry,2,25000,50000
2023-10-18,Lapis Legit,Kue Basah,5,55000,275000
2023-10-18,Donut,Roti,8,12000,96000
2023-10-19,Macaron,Kue Kering,5,15000,75000
2023-10-20,Lapis Legit,Kue Basah,1,55000,55000
2023-10-20,Bika Ambon,Kue Basah,6,40000,240000
2023-10-20,Donut,Roti,5,12000,60000
2023-10-20,Cheese Cake,Cake,5,45000,225000
2023-10-20,Lapis Legit,Kue Basah,6,55000,330000
2023-10-21,Macaron,Kue Kering,7,15000,105000
2023-10-21,Lapis Legit,Kue Basah,3,55000,165000
2023-10-21,Macaron,Kue Kering,3,15000,45000
2023-10-21,Brownies,Kue Kering,5,75000,375000
2023-10-21,Lapis Legit,Kue Basah,3,55000,165000
2023-10-21,Bika Ambon,Kue Basah,6,40000,240000
2023-10-21,Bika Ambon,Kue Basah,6,40000,240000
2023-10-22,Bika Ambon,Kue Basah,8,40000,320000
2023-10-22,Macaron,Kue Kering,7,15000,105000
2023-10-22,Cheese Cake,Cake,8,45000,360000
2023-10-22,Macaron,Kue Kering,5,15000,75000
2023-10-22,Macaron,Kue Kering,10,15000,150000
2023-10-22,Croissant,Pastry,3,25000,75000
2023-10-22,Croissant,Pastry,8,25000,200000
2023-10-22,Bika Ambon,Kue Basah,4,40000,160000
2023-10-23,Croissant,Pastry,8,25000,200000
2023-10-23,Lapis Legit,Kue Basah,8,55000,440000
2023-10-23,Bika Ambon,Kue Basah,4,40000,160000
2023-10-23,Macaron,Kue Kering,2,15000,30000
2023-10-23,Cheese Cake,Cake,10,45000,450000
2023-10-23,Macaron,Kue Kering,8,15000,120000
2023-10-23,Cheese Cake,Cake,6,45000,270000
2023-10-24,Macaron,Kue Kering,4,15000,60000
2023-10-24,Lapis Legit,Kue Basah,2,55000,110000
2023-10-24,Donut,Roti,4,12000,48000
2023-10-24,Lapis Legit,Kue Basah,3,55000,165000
2023-10-25,Cheese Cake,Cake,6,45000,270000
2023-10-25,Macaron,Kue Kering,5,15000,75000
2023-10-25,Brownies,Kue Kering,8,75000,600000
2023-10-25,Macaron,Kue Kering,1,15000,15000
2023-10-25,Cheese Cake,Cake,5,45000,225000
2023-10-25,Macaron,Kue Kering,6,15000,90000
2023-10-26,Bika Ambon,Kue Basah,10,40000,400000
2023-10-26,Brownies,Kue Kering,2,75000,150000
2023-10-26,Donut,Roti,9,12000,108000
2023-10-26,Cheese Cake,Cake,2,45000,90000
2023-10-26,Brownies,Kue Kering,3,75000,225000
2023-10-26,Donut,Roti,8,12000,96000
2023-10-26,Lapis Legit,Kue Basah,3,55000,165000
2023-10-27,Croissant,Pastry,8,25000,200000
2023-10-27,Lapis Legit,Kue Basah,7,55000,385000
2023-10-27,Bika Ambon,Kue Basah,4,40000,160000
2023-10-27,Croissant,Pastry,2,25000,50000
2023-10-28,Croissant,Pastry,10,25000,250000
2023-10-28,Croissant,Pastry,6,25000,150000
2023-10-28,Macaron,Kue Kering,5,15000,75000
2023-10-28,Bika Ambon,Kue Basah,3,40000,120000
2023-10-28,Donut,Roti,9,12000,108000
2023-10-29,Macaron,Kue Kering,3,15000,45000
2023-10-29,Donut,Roti,9,12000,108000
2023-10-29,Lapis Legit,Kue Basah,3,55000,165000
2023-10-29,Macaron,Kue Kering,7,15000,105000
2023-10-29,Croissant,Pastry,2,25000,50000
2023-10-29,Macaron,Kue Kering,9,15000,135000
2023-10-29,Donut,Roti,7,12000,84000
2023-10-29,Croissant,Pastry,1,25000,25000
2023-10-30,Cheese Cake,Cake,3,45000,135000
2023-10-30,Croissant,Pastry,3,25000,75000
2023-10-30,Bika Ambon,Kue Basah,10,40000,400000
2023-10-30,Macaron,Kue Kering,10,15000,150000
2023-10-30,Cheese Cake,Cake,3,45000,135000
2023-10-31,Croissant,Pastry,6,25000,150000
2023-10-31,Donut,Roti,9,12000,108000
2023-10-31,Cheese Cake,Cake,10,45000,450000
2023-10-31,Cheese Cake,Cake,3,45000,135000
2023-10-31,Brownies,Kue Kering,8,75000,600000
2023-10-31,Macaron,Kue Kering,5,15000,75000
2023-10-31,Donut,Roti,4,12000,48000
2023-10-31,Donut,Roti,10,12000,120000
2023-11-01,Donut,Roti,8,12000,96000
2023-11-01,Lapis Legit,Kue Basah,7,55000,385000
2023-11-01,Croissant,Pastry,9,25000,225000
2023-11-01,Cheese Cake,Cake,10,45000,450000
2023-11-01,Lapis Legit,Kue Basah,4,55000,220000
2023-11-01,Lapis Legit,Kue Basah,9,55000,495000
2023-11-01,Donut,Roti,5,12000,60000
2023-11-02,Lapis Legit,Kue Basah,4,55000,220000
2023-11-03,Cheese Cake,Cake,8,45000,360000
2023-11-03,Macaron,Kue Kering,1,15000,15000
2023-11-03,Cheese Cake,Cake,10,45000,450000
2023-11-04,Macaron,Kue Kering,4,15000,60000
2023-11-04,Brownies,Kue Kering,8,75000,600000
2023-11-05,Donut,Roti,5,12000,60000
2023-11-05,Bika Ambon,Kue Basah,9,40000,360000
2023-11-05,Macaron,Kue Kering,5,15000,75000
2023-11-05,Croissant,Pastry,9,25000,225000
2023-11-05,Macaron,Kue Kering,6,15000,90000
2023-11-05,Croissant,Pastry,3,25000,75000
2023-11-05,Croissant,Pastry,1,25000,25000
2023-11-06,Donut,Roti,3,12000,36000
2023-11-06,Croissant,Pastry,4,25000,100000
2023-11-06,Croissant,Pastry,10,25000,250000
2023-11-07,Donut,Roti,7,12000,84000
2023-11-07,Brownies,Kue Kering,7,75000,525000
2023-11-07,Croissant,Pastry,7,25000,175000
2023-11-07,Donut,Roti,9,12000,108000
2023-11-07,Lapis Legit,Kue Basah,3,55000,165000
2023-11-08,Brownies,Kue Kering,10,75000,750000
2023-11-08,Croissant,Pastry,5,25000,125000
2023-11-08,Bika Ambon,Kue Basah,2,40000,80000
2023-11-08,Cheese Cake,Cake,3,45000,135000
2023-11-08,Bika Ambon,Kue Basah,3,40000,120000
2023-11-09,Donut,Roti,10,12000,120000
2023-11-09,Bika Ambon,Kue Basah,9,40000,360000
2023-11-10,Bika Ambon,Kue Basah,9,40000,360000
2023-11-10,Lapis Legit,Kue Basah,10,55000,550000
2023-11-10,Bika Ambon,Kue Basah,2,40000,80000
2023-11-10,Brownies,Kue Kering,3,75000,225000
2023-11-11,Brownies,Kue Kering,2,75000,150000
2023-11-11,Brownies,Kue Kering,8,75000,600000
2023-11-11,Lapis Legit,Kue Basah,7,55000,385000
2023-11-11,Bika Ambon,Kue Basah,4,40000,160000
2023-11-11,Brownies,Kue Kering,7,75000,525000
2023-11-11,Cheese Cake,Cake,10,45000,450000
2023-11-11,Macaron,Kue Kering,8,15000,120000
2023-11-11,Bika Ambon,Kue Basah,1,40000,40000
2023-11-11,Lapis Legit,Kue Basah,4,55000,220000
2023-11-12,Macaron,Kue Kering,5,15000,75000
2023-11-12,Brownies,Kue Kering,5,75000,375000
2023-11-12,Donut,Roti,2,12000,24000
2023-11-12,Brownies,Kue Kering,9,75000,675000
2023-11-12,Donut,Roti,6,12000,72000
2023-11-12,Croissant,Pastry,8,25000,200000
2023-11-12,Brownies,Kue Kering,4,75000,300000
2023-11-12,Bika Ambon,Kue Basah,10,40000,400000
2023-11-12,Bika Ambon,Kue Basah,6,40000,240000
2023-11-12,Bika Ambon,Kue Basah,1,40000,40000
2023-11-12,Croissant,Pastry,4,25000,100000
2023-11-12,Cheese Cake,Cake,10,45000,450000
2023-11-12,Bika Ambon,Kue Basah,6,40000,240000
2023-11-13,Bika Ambon,Kue Basah,3,40000,120000
2023-11-13,Cheese Cake,Cake,2,45000,90000
2023-11-13,Croissant,Pastry,6,25000,150000
2023-11-13,Macaron,Kue Kering,8,15000,120000
2023-11-13,Cheese Cake,Cake,8,45000,360000
2023-11-13,Brownies,Kue Kering,10,75000,750000
2023-11-13,Cheese Cake,Cake,6,45000,270000
2023-11-13,Cheese Cake,Cake,6,45000,270000
2023-11-13,Cheese Cake,Cake,2,45000,90000
2023-11-13,Croissant,Pastry,7,25000,175000
2023-11-14,Croissant,Pastry,2,25000,50000
2023-11-14,Brownies,Kue Kering,3,75000,225000
2023-11-14,Cheese Cake,Cake,3,45000,135000
2023-11-14,Macaron,Kue Kering,3,15000,45000
2023-11-14,Lapis Legit,Kue Basah,1,55000,55000
2023-11-14,Brownies,Kue Kering,3,75000,225000
2023-11-15,Donut,Roti,2,12000,24000
2023-11-16,Macaron,Kue Kering,6,15000,90000
2023-11-16,Bika Ambon,Kue Basah,6,40000,240000
2023-11-16,Lapis Legit,Kue Basah,8,55000,440000
2023-11-16,Bika Ambon,Kue Basah,7,40000,280000
2023-11-16,Donut,Roti,3,12000,36000
2023-11-17,Brownies,Kue Kering,8,75000,600000
2023-11-17,Croissant,Pastry,3,25000,75000
2023-11-17,Brownies,Kue Kering,7,75000,525000
2023-11-17,Brownies,Kue Kering,10,75000,750000
2023-11-17,Macaron,Kue Kering,8,15000,120000
2023-11-18,Cheese Cake,Cake,10,45000,450000
2023-11-18,Bika Ambon,Kue Basah,6,40000,240000
2023-11-18,Macaron,Kue Kering,7,15000,105000
2023-11-18,Bika Ambon,Kue Basah,7,40000,280000
2023-11-19,Lapis Legit,Kue Basah,7,55000,385000
2023-11-19,Brownies,Kue Kering,5,75000,375000
2023-11-19,Croissant,Pastry,6,25000,150000
2023-11-19,Brownies,Kue Kering,5,75000,375000
2023-11-19,Brownies,Kue Kering,7,75000,525000
2023-11-19,Cheese Cake,Cake,3,45000,135000
2023-11-19,Macaron,Kue Kering,5,15000,75000
2023-11-20,Croissant,Pastry,8,25000,200000
2023-11-20,Macaron,Kue Kering,10,15000,150000
2023-11-21,Donut,Roti,5,12000,60000
2023-11-21,Lapis Legit,Kue Basah,9,55000,495000
2023-11-21,Croissant,Pastry,10,25000,250000
2023-11-21,Bika Ambon,Kue Basah,1,40000,40000
2023-11-22,Cheese Cake,Cake,2,45000,90000
2023-11-22,Cheese Cake,Cake,7,45000,315000
2023-11-22,Brownies,Kue Kering,7,75000,525000
2023-11-22,Brownies,Kue Kering,2,75000,150000
2023-11-22,Cheese Cake,Cake,5,45000,225000
2023-11-22,Bika Ambon,Kue Basah,9,40000,360000
2023-11-22,Brownies,Kue Kering,5,75000,375000
2023-11-23,Lapis Legit,Kue Basah,3,55000,165000
2023-11-23,Lapis Legit,Kue Basah,9,55000,495000
2023-11-23,Croissant,Pastry,5,25000,125000
2023-11-23,Bika Ambon,Kue Basah,3,40000,120000
2023-11-24,Bika Ambon,Kue Basah,3,40000,120000
2023-11-24,Bika Ambon,Kue Basah,10,40000,400000
2023-11-25,Donut,Roti,10,12000,120000
2023-11-25,Lapis Legit,Kue Basah,1,55000,55000
2023-11-25,Macaron,Kue Kering,9,15000,135000
2023-11-25,Cheese Cake,Cake,9,45000,405000
2023-11-25,Croissant,Pastry,9,25000,225000
2023-11-25,Cheese Cake,Cake,9,45000,405000
2023-11-25,Lapis Legit,Kue Basah,7,55000,385000
2023-11-25,Donut,Roti,7,12000,84000
2023-11-25,Croissant,Pastry,5,25000,125000
2023-11-26,Brownies,Kue Kering,4,75000,300000
2023-11-26,Bika Ambon,Kue Basah,4,40000,160000
2023-11-26,Lapis Legit,Kue Basah,3,55000,165000
2023-11-26,Bika Ambon,Kue Basah,7,40000,280000
2023-11-26,Bika Ambon,Kue Basah,2,40000,80000
2023-11-26,Brownies,Kue Kering,7,75000,525000
2023-11-26,Macaron,Kue Kering,8,15000,120000
2023-11-27,Donut,Roti,1,12000,12000
2023-11-27,Lapis Legit,Kue Basah,10,55000,550000
2023-11-27,Croissant,Pastry,1,25000,25000
2023-11-27,Croissant,Pastry,4,25000,100000
2023-11-27,Brownies,Kue Kering,2,75000,150000
2023-11-28,Croissant,Pastry,4,25000,100000
2023-11-28,Bika Ambon,Kue Basah,7,40000,280000
2023-11-28,Lapis Legit,Kue Basah,6,55000,330000
2023-11-28,Lapis Legit,Kue Basah,4,55000,220000
2023-11-28,Donut,Roti,10,12000,120000
2023-11-28,Brownies,Kue Kering,5,75000,375000
2023-11-29,Lapis Legit,Kue Basah,10,55000,550000
2023-11-29,Macaron,Kue Kering,9,15000,135000
2023-11-29,Cheese Cake,Cake,8,45000,360000
2023-11-29,Lapis Legit,Kue Basah,7,55000,385000
2023-11-29,Cheese Cake,Cake,2,45000,90000
2023-11-30,Bika Ambon,Kue Basah,2,40000,80000
2023-11-30,Croissant,Pastry,8,25000,200000
2023-11-30,Bika Ambon,Kue Basah,10,40000,400000
2023-11-30,Lapis Legit,Kue Basah,9,55000,495000
2023-11-30,Donut,Roti,1,12000,12000
2023-11-30,Macaron,Kue Kering,3,15000,45000
2023-11-30,Cheese Cake,Cake,7,45000,315000
2023-12-01,Macaron,Kue Kering,8,15000,120000
2023-12-01,Bika Ambon,Kue Basah,5,40000,200000
2023-12-01,Cheese Cake,Cake,5,45000,225000
2023-12-01,Bika Ambon,Kue Basah,6,40000,240000
2023-12-02,Cheese Cake,Cake,4,45000,180000
2023-12-02,Donut,Roti,7,12000,84000
2023-12-02,Brownies,Kue Kering,5,75000,375000
2023-12-02,Donut,Roti,10,12000,120000
2023-12-02,Donut,Roti,2,12000,24000
2023-12-02,Croissant,Pastry,3,25000,75000
2023-12-02,Donut,Roti,1,12000,12000
2023-12-02,Lapis Legit,Kue Basah,10,55000,550000
2023-12-03,Brownies,Kue Kering,7,75000,525000
2023-12-03,Donut,Roti,3,12000,36000
2023-12-03,Cheese Cake,Cake,5,45000,225000
2023-12-03,Bika Ambon,Kue Basah,1,40000,40000
2023-12-03,Brownies,Kue Kering,9,75000,675000
2023-12-03,Macaron,Kue Kering,10,15000,150000
2023-12-03,Lapis Legit,Kue Basah,7,55000,385000
2023-12-04,Lapis Legit,Kue Basah,8,55000,440000
2023-12-04,Cheese Cake,Cake,9,45000,405000
2023-12-04,Bika Ambon,Kue Basah,8,40000,320000
2023-12-04,Macaron,Kue Kering,8,15000,120000
2023-12-04,Brownies,Kue Kering,9,75000,675000
2023-12-04,Brownies,Kue Kering,2,75000,150000
2023-12-05,Macaron,Kue Kering,1,15000,15000
2023-12-05,Brownies,Kue Kering,2,75000,150000
2023-12-05,Donut,Roti,5,12000,60000
2023-12-05,Croissant,Pastry,1,25000,25000
2023-12-05,Bika Ambon,Kue Basah,5,40000,200000
2023-12-05,Macaron,Kue Kering,3,15000,45000
2023-12-05,Brownies,Kue Kering,4,75000,300000
2023-12-05,Croissant,Pastry,2,25000,50000
2023-12-05,Croissant,Pastry,9,25000,225000
2023-12-06,Cheese Cake,Cake,3,45000,135000
2023-12-06,Brownies,Kue Kering,5,75000,375000
2023-12-06,Lapis Legit,Kue Basah,2,55000,110000
2023-12-06,Cheese Cake,Cake,2,45000,90000
2023-12-06,Croissant,Pastry,2,25000,50000
2023-12-06,Bika Ambon,Kue Basah,1,40000,40000
2023-12-07,Lapis Legit,Kue Basah,9,55000,495000
2023-12-07,Brownies,Kue Kering,9,75000,675000
2023-12-07,Brownies,Kue Kering,6,75000,450000
2023-12-08,Bika Ambon,Kue Basah,5,40000,200000
2023-12-08,Croissant,Pastry,8,25000,200000
2023-12-08,Cheese Cake,Cake,6,45000,270000
2023-12-08,Donut,Roti,3,12000,36000
2023-12-08,Cheese Cake,Cake,6,45000,270000
2023-12-08,Bika Ambon,Kue Basah,3,40000,120000
2023-12-09,Croissant,Pastry,9,25000,225000
2023-12-09,Donut,Roti,7,12000,84000
2023-12-09,Cheese Cake,Cake,5,45000,225000
2023-12-10,Cheese Cake,Cake,6,45000,270000
2023-12-10,Donut,Roti,8,12000,96000
2023-12-10,Lapis Legit,Kue Basah,10,55000,550000
2023-12-10,Croissant,Pastry,8,25000,200000
2023-12-11,Brownies,Kue Kering,5,75000,375000
2023-12-11,Donut,Roti,4,12000,48000
2023-12-11,Bika Ambon,Kue Basah,8,40000,320000
2023-12-11,Lapis Legit,Kue Basah,4,55000,220000
2023-12-11,Donut,Roti,1,12000,12000
2023-12-11,Bika Ambon,Kue Basah,1,40000,40000
2023-12-12,Cheese Cake,Cake,4,45000,180000
2023-12-12,Donut,Roti,8,12000,96000
2023-12-12,Lapis Legit,Kue Basah,7,55000,385000
2023-12-12,Bika Ambon,Kue Basah,8,40000,320000
2023-12-12,Brownies,Kue Kering,6,75000,450000
2023-12-12,Croissant,Pastry,9,25000,225000
2023-12-12,Lapis Legit,Kue Basah,9,55000,495000
2023-12-12,Cheese Cake,Cake,7,45000,315000
2023-12-12,Brownies,Kue Kering,4,75000,300000
2023-12-12,Brownies,Kue Kering,8,75000,600000
2023-12-12,Cheese Cake,Cake,9,45000,405000
2023-12-13,Macaron,Kue Kering,4,15000,60000
2023-12-13,Macaron,Kue Kering,8,15000,120000
2023-12-13,Croissant,Pastry,7,25000,175000
2023-12-13,Macaron,Kue Kering,10,15000,150000
2023-12-13,Lapis Legit,Kue Basah,7,55000,385000
2023-12-13,Croissant,Pastry,2,25000,50000
2023-12-14,Cheese Cake,Cake,5,45000,225000
2023-12-14,Croissant,Pastry,3,25000,75000
2023-12-14,Donut,Roti,3,12000,36000
2023-12-14,Cheese Cake,Cake,7,45000,315000
2023-12-15,Brownies,Kue Kering,2,75000,150000
2023-12-15,Bika Ambon,Kue Basah,5,40000,200000
2023-12-15,Croissant,Pastry,8,25000,200000
2023-12-15,Bika Ambon,Kue Basah,2,40000,80000
2023-12-15,Macaron,Kue Kering,6,15000,90000
2023-12-16,Macaron,Kue Kering,2,15000,30000
2023-12-16,Lapis Legit,Kue Basah,9,55000,495000
2023-12-16,Brownies,Kue Kering,5,75000,375000
2023-12-16,Brownies,Kue Kering,9,75000,675000
2023-12-16,Bika Ambon,Kue Basah,8,40000,320000
2023-12-17,Cheese Cake,Cake,10,45000,450000
2023-12-17,Donut,Roti,3,12000,36000
2023-12-17,Cheese Cake,Cake,7,45000,315000
2023-12-17,Brownies,Kue Kering,4,75000,300000
2023-12-17,Croissant,Pastry,8,25000,200000
2023-12-17,Macaron,Kue Kering,7,15000,105000
2023-12-18,Croissant,Pastry,8,25000,200000
2023-12-18,Bika Ambon,Kue Basah,9,40000,360000
2023-12-18,Bika Ambon,Kue Basah,8,40000,320000
2023-12-18,Cheese Cake,Cake,3,45000,135000
2023-12-19,Croissant,Pastry,5,25000,125000
2023-12-19,Lapis Legit,Kue Basah,1,55000,55000
2023-12-19,Bika Ambon,Kue Basah,8,40000,320000
2023-12-19,Croissant,Pastry,6,25000,150000
2023-12-19,Bika Ambon,Kue Basah,4,40000,160000
2023-12-19,Bika Ambon,Kue Basah,5,40000,200000
2023-12-19,Lapis Legit,Kue Basah,3,55000,165000
2023-12-19,Donut,Roti,9,12000,108000
2023-12-20,Cheese Cake,Cake,6,45000,270000
2023-12-20,Donut,Roti,1,12000,12000
2023-12-20,Lapis Legit,Kue Basah,4,55000,220000
2023-12-20,Croissant,Pastry,10,25000,250000
2023-12-20,Donut,Roti,9,12000,108000
2023-12-20,Donut,Roti,9,12000,108000
2023-12-20,Cheese Cake,Cake,1,45000,45000
2023-12-20,Bika Ambon,Kue Basah,3,40000,120000
2023-12-21,Brownies,Kue Kering,4,75000,300000
2023-12-21,Cheese Cake,Cake,7,45000,315000
2023-12-21,Donut,Roti,8,12000,96000
2023-12-21,Cheese Cake,Cake,3,45000,135000
2023-12-22,Macaron,Kue Kering,6,15000,90000
2023-12-22,Brownies,Kue Kering,5,75000,375000
2023-12-22,Macaron,Kue Kering,4,15000,60000
2023-12-22,Lapis Legit,Kue Basah,10,55000,550000
2023-12-22,Bika Ambon,Kue Basah,2,40000,80000
2023-12-23,Macaron,Kue Kering,7,15000,105000
2023-12-23,Croissant,Pastry,8,25000,200000
2023-12-23,Macaron,Kue Kering,6,15000,90000
2023-12-23,Lapis Legit,Kue Basah,2,55000,110000
2023-12-23,Bika Ambon,Kue Basah,3,40000,120000
2023-12-23,Cheese Cake,Cake,5,45000,225000
2023-12-23,Croissant,Pastry,2,25000,50000
2023-12-23,Cheese Cake,Cake,8,45000,360000
2023-12-23,Cheese Cake,Cake,4,45000,180000
2023-12-24,Macaron,Kue Kering,8,15000,120000
2023-12-24,Cheese Cake,Cake,5,45000,225000
2023-12-24,Croissant,Pastry,5,25000,125000
2023-12-24,Cheese Cake,Cake,9,45000,405000
2023-12-24,Lapis Legit,Kue Basah,5,55000,275000
2023-12-24,Cheese Cake,Cake,6,45000,270000
2023-12-25,Cheese Cake,Cake,8,45000,360000
2023-12-25,Lapis Legit,Kue Basah,1,55000,55000
2023-12-25,Bika Ambon,Kue Basah,9,40000,360000
2023-12-25,Lapis Legit,Kue Basah,9,55000,495000
2023-12-25,Donut,Roti,3,12000,36000
2023-12-25,Donut,Roti,6,12000,72000
2023-12-25,Lapis Legit,Kue Basah,6,55000,330000
2023-12-25,Donut,Roti,6,12000,72000
2023-12-25,Bika Ambon,Kue Basah,3,40000,120000
2023-12-26,Donut,Roti,5,12000,60000
2023-12-26,Macaron,Kue Kering,7,15000,105000
2023-12-26,Donut,Roti,4,12000,48000
2023-12-26,Macaron,Kue Kering,4,15000,60000
2023-12-27,Bika Ambon,Kue Basah,4,40000,160000
2023-12-27,Croissant,Pastry,8,25000,200000
2023-12-27,Bika Ambon,Kue Basah,8,40000,320000
2023-12-27,Bika Ambon,Kue Basah,7,40000,280000
2023-12-27,Croissant,Pastry,8,25000,200000
2023-12-28,Cheese Cake,Cake,2,45000,90000
2023-12-28,Cheese Cake,Cake,6,45000,270000
2023-12-28,Macaron,Kue Kering,9,15000,135000
2023-12-28,Bika Ambon,Kue Basah,7,40000,280000
2023-12-29,Lapis Legit,Kue Basah,2,55000,110000
2023-12-29,Bika Ambon,Kue Basah,10,40000,400000
2023-12-29,Macaron,Kue Kering,5,15000,75000
2023-12-29,Croissant,Pastry,8,25000,200000
2023-12-30,Cheese Cake,Cake,2,45000,90000
2023-12-30,Lapis Legit,Kue Basah,9,55000,495000
2023-12-30,Bika Ambon,Kue Basah,3,40000,120000
2023-12-30,Bika Ambon,Kue Basah,3,40000,120000
2023-12-30,Donut,Roti,4,12000,48000
2023-12-30,Macaron,Kue Kering,9,15000,135000
2023-12-30,Croissant,Pastry,1,25000,25000
2023-12-31,Brownies,Kue Kering,4,75000,300000
2023-12-31,Macaron,Kue Kering,1,15000,15000
2023-12-31,Donut,Roti,2,12000,24000
2023-12-31,Cheese Cake,Cake,9,45000,405000
2023-12-31,Lapis Legit,Kue Basah,1,55000,55000
2023-12-31,Lapis Legit,Kue Basah,4,55000,220000
